country,harbour_cd,harbour_name
BGR,BGADB,AdaBahcha
BGR,BGAHE,Aheloy
BGR,BGAKH,Akhtopol
BGR,BGALB,Albena
BGR,BGAMO,Amonal
BGR,BGANT,AntonIvanov
BGR,BGARK,Arkutino
BGR,BGASP,AsparuhovoKeya
BGR,BGBAL,Balchik
BGR,BGBLV,Beloslav
BGR,BGBOL,Bolata
BGR,BGBHZ,Buhtazapad
BGR,BG999,Bulgaria-Unknown
BGR,BGBNA,Buna101
BGR,BGBN2,Buna102
BGR,BGBN3,Buna103
BGR,BGBOJ,Burgas
BGR,BGBYL,Byala
BGR,BGCHA,Chayka
BGR,BGCHN,Chernomore
BGR,BGCHM,Chernomorets
BGR,BGCHO,Chukalya
BGR,BGDAL,Dalboka
BGR,BGDNI,Dunavtsi
BGR,BGDUP,Dupnica
BGR,BGDKO,Durankulak
BGR,BGEZE,Ezerets
BGR,BGEZR,Ezerovo
BGR,BGFRE,Frenkliman
BGR,BGGOV,GornaOryahovica
BGR,BGGOZ,GornaOryakhovitsa
BGR,BGHKV,Haskovo
BGR,BGIRA,Irakli
BGR,BGJAM,Jambol
BGR,BGKAM,Kamchia
BGR,BGKRT,Karantinata
BGR,BGKAT,Katunitza
BGR,BGKVN,Kavarna
BGR,BGKBA,KavarnaBuna1
BGR,BGKB3,KavarnaBuna3
BGR,BGKZK,Kazanlak
BGR,BGKZO,Kazashko
BGR,BGKIT,Kiten
BGR,BGKOK,Kokodiva
BGR,BGKON,Konstantinovo
BGR,BGKRA,Kranevo
BGR,BGKRP,Krapets
BGR,BGKRE,Kraymorie
BGR,BGKRH,Krushari
BGR,BGKOL,Kulata
BGR,BGKDG,Kurdzhali
BGR,BGLES,Lesport
BGR,BGLOM,Lom
BGR,BGLZC,Lozenets
BGR,BGLMC,Lyubimets
BGR,BGMCH,MalkaChayka
BGR,BGMTI,MalkoTarnovo
BGR,BGMEC,Mecheto
BGR,BGNES,Nessebar
BGR,BGOBZ,Obzor
BGR,BGOLT,Oltomantsi
BGR,BGOPK,Opaka
BGR,BGORE,Orehovo
BGR,BGOTM,Otmanli
BGR,BGPAN,Panorama
BGR,BGPVL,Pavel
BGR,BGPVN,Pleven
BGR,BGPDV,Plovdiv
BGR,BGPOR,Pomorie
BGR,BGPRI,Primorsko
BGR,BGRLO,Radilovo
BGR,BGRAV,Ravda
BGR,BGREZ,Rezovo
BGR,BGXXX,RISInlandwaterways
BGR,BGRDA,Rodopa1
BGR,BGRD2,Rodopa2
BGR,BGRDZ,Rudozem
BGR,BGRUS,Rusalka
BGR,BGRDU,Ruse
BGR,BGSAR,Sarafovo
BGR,BGSBA,SBA
BGR,BGSEK,SeverEksport
BGR,BGSHA,Shabla
BGR,BGSHK,Shkorpilovtsi
BGR,BGSLS,Silistra
BGR,BGSIN,Sinemorets
BGR,BGSLK,Slivkata
BGR,BGSOF,Sofia
BGR,BGSOZ,Sozopol
BGR,BGSLI,StankeLisitchkovo
BGR,BGSZR,StaraZagora
BGR,BGSTR,Strashimirovo
BGR,BGSVV,SvetiVlas
BGR,BGSWG,Svilengrad
BGR,BGSVI,Svistov
BGR,BGSVG,Svoge
BGR,BGTGV,Targovishte
BGR,BGTOL,Tolbuhin
BGR,BGTPL,Topoli
BGR,BGTRK,Trakata
BGR,BGTRV,Tsarevo
BGR,BGTUZ,Tuzlata
BGR,BGTYL,Tyulenovo
BGR,BGVAR,Varna
BGR,BGVAZ,Varna-Zapad
BGR,BGVRV,Varvara
BGR,BGVES,Veslets
BGR,BGVID,Vidin
BGR,BGVTC,VrskaCuka
BGR,BGYVA,YahtklubVarna
BGR,BGZEL,Zelenka
BGR,BGZLA,Zlatarevo
BGR,BGZVE,Zvezditsa
CYP,CYAFS,AkrotirifishingShelter
CYP,CYAYI,AyiaNapaFishingShelter
CYP,CYTRI,AyiaTriadaFishingShelter
CYP,CYGEO,AyiosGeorgiosFishingShelter
CYP,CY999,Cyprus-Unknown
CYP,CYDFS,DekeliaFishingShelter
CYP,CYLCA,Larnaca
CYP,CYLFS,LarnacaFishingShelter
CYP,CYLAR,LarnacaPort
CYP,CYLAT,LatchiPort
CYP,CYLIM,LimassolNewPort
CYP,CYLOP,LimassolOldPort
CYP,CYNIC,Nicosia
CYP,CYORM,OrmidiaFishingShelter
CYP,CYPFO,PaphosPort
CYP,CYPAR,ParalimniFishingShelter
CYP,CYPOM,PomosFishingShelter
CYP,CYPOT,PotamosFishingShelter
CYP,CYPYR,PyrgosFishingShelter
CYP,CYXYL,XylofagouFishingShelter
CYP,CYZYG,ZygiFishingShelter
ESP,ESADR,Adra
ESP,ESAGA,Agaete
ESP,ESAEM,Alcal
ESP,ESALD,Alcudia
ESP,ESADI,Aldan-Hio
ESP,ESALG,Algeciras
ESP,ESALT,Algorta
ESP,ESALC,Alicante
ESP,ESLEI,Almera
ESP,ESEEJ,Almerimar(ElEjido)
ESP,ESAEQ,Almucar
ESP,ESAQA,Altea
ESP,ESLAA,Ampolla
ESP,ESAZP,Amposta
ESP,ESAND,Andraitx
ESP,ESAAE,Arcade
ESP,ESARN,ArenysdeMar
ESP,ESAER,Ares
ESP,ESARI,Arguinegun
ESP,ESRGA,Arinaga
ESP,ESARW,Armintza
ESP,ESACE,ArrecifedeLanzarote
ESP,ESAVS,Aviles
ESP,ESAYA,Ayamonte
ESP,ESBAD,Badalona
ESP,ESBLE,Barallobre
ESP,ESBDF,Barbate
ESP,ESBCN,Barcelona
ESP,ESBQB,Barquero-Bares
ESP,ESBNU,Baugues
ESP,ESBYN,Bayona
ESP,ESBNI,Benicarlo
ESP,ESBEM,Benidorm
ESP,ESBRM,Bermeo
ESP,ESBTS,Betanzos
ESP,ESBIO,Bilbao
ESP,ESBLA,Blanes
ESP,ESBDN,Bodion
ESP,ESBZS,Bouzas
ESP,ESBVN,Buenavista
ESP,ESBHR,BuenPaso
ESP,ESBUE,Bueu
ESP,ESBRL,Burela
ESP,ESBRX,Burriana
ESP,ESBCD,Bustio
ESP,ESCCZ,CabodeCruz-Boiro
ESP,ESCAP,CabodePalos
ESP,ESCBM,Cabrera
ESP,ESOOP,Cadaques
ESP,ESCAB,CalaBona
ESP,ESCFE,Calafell
ESP,ESCEM,Cala-Ratjada
ESP,ESLEL,CalelladelaCosta
ESP,ESCHR,CaletadelSebo,LaGraciosa
ESP,ESCLP,Calpe
ESP,ESIAS,Camarias
ESP,ESCBD,Cambados
ESP,ESCBL,Cambrils
ESP,ESCMY,Camelle
ESP,ESECP,Campello
ESP,ESCPE,Campelo
ESP,ESCA2,Candas
ESP,ESCEI,Candelaria
ESP,ESCAG,Cangas
ESP,ESCAW,Canido
ESP,ESCRS,Carboneras
ESP,ESCNO,Cario
ESP,ESDAA,Carreira-Aguio
ESP,ESCIL,Carril
ESP,ESCAR,Cartagena
ESP,ESCDK,CasasDeAlcanar
ESP,ESCDF,Castelldefels
ESP,ESCAY,CastelldeFerro
ESP,ESCAS,CastellondelaPlana(ElGrao)
ESP,ESCCM,CastillodelRomeral
ESP,ESCSO,Castropol
ESP,ESCSU,CastroUrdiales
ESP,ESCIN,Cayon
ESP,ESCAD,Cdiz
ESP,ESCED,Cedeira
ESP,ESCEE,Cee
ESP,ESCLY,Celorio
ESP,ESCEU,Ceuta
ESP,ESALK,check it!
ESP,ESCHP,Chipiona
ESP,ESCIV,Ciervana
ESP,ESCIO,Cillero
ESP,ESQIU,Ciudadela
ESP,ESCOD,Colindres
ESP,ESCSB,ColoniaSanJorge
ESP,ESCBY,Combarro
ESP,ESOLL,Comillas
ESP,ESZEA,Conil
ESP,ESCCN,Corcubin
ESP,ESCOX,Corme
ESP,ESZRJ,Corralejo
ESP,ESCR2,Corrubedo
ESP,ESCLO,Cudillero
ESP,ESERA,Cullera
ESP,ESDEL,Deltebre
ESP,ESDNA,Denia
ESP,ESDVA,Deva
ESP,ESEEM,Elanchove
ESP,ESEEN,ElCotillo
ESP,ESEGR,ElGrove
ESP,ESMSN,ElMasnou
ESP,ESMED,ElMedano
ESP,ESEPL,ElPalo-PuertoCandado
ESP,ESEPC,ElPerell(Sueca)
ESP,ESEAN,ElPindo
ESP,ESZMG,ElPris-Tacoronte
ESP,ESPGU,ElPuertitodeGimar
ESP,ESEEL,ElPuntal
ESP,ESERO,ElRompido
ESP,ESESC,Escombreras
ESP,ESEPT,Espasante
ESP,ESETT,Estartit
ESP,ESEPN,Estepona
ESP,ESFRO,Ferrol
ESP,ESFGU,Figueras
ESP,ESFNE,Finisterre
ESP,ESFNI,Formentera(CalaSavina)
ESP,ESFRN,Fornells
ESP,ESZBE,Foz
ESP,ESFHR,Fuencaliente
ESP,ESFGL,Fuengirola
ESP,ESEWE,Fuenterrabia
ESP,ESGAN,Gandia
ESP,ESGRC,Garachico
ESP,ESGAR,Garrucha
ESP,ESGIJ,Gijon(ElMusel)
ESP,ESGAB,GranadilladeAbona
ESP,ESGTL,GranTarajal
ESP,ESZFJ,GuadeIsora
ESP,ESGDS,GuardamardelSegura
ESP,ESGTI,Guetaria
ESP,ESAGU,guilas
ESP,ESHUV,Huelva
ESP,ESIBZ,Ibiza
ESP,ESZGA,IslaCristina
ESP,ESIAL,IsladeArosa
ESP,ESIAM,IsladeTabarca
ESP,ESJAV,Javea
ESP,ESLAH,LaAldea
ESP,ESKLL,LaAmetllaDeMar
ESP,ESUNR,LaAtunara
ESP,ESBAR,LaBarranquera
ESP,ESLCT,LaCaleta(CaletadeVelez)
ESP,ESLCI,LaCaletadeInterin
ESP,ESCRQ,LaCarihuela
ESP,ESLCG,LaCorua
ESP,ESGLE,LaEscala
ESP,ESLES,LaEstaca
ESP,ESLAX,Lage
ESP,ESAGD,LaGuardia
ESP,ESLLI,LaLineadelaConcepcin
ESP,ESLPC,LaPuebladelCaramial
ESP,ESLDO,Laredo
ESP,ESLAF,LaRestinga
ESP,ESLST,LaSanta-Tinajo
ESP,ESLRS,LasArenas
ESP,ESZBB,LasGalletas
ESP,ESLPA,LasPalmas-PuertodelaLuz
ESP,ESLS3,Lastres
ESP,ESLEP,Lepe
ESP,ESLEQ,Lequeitio
ESP,ESLRT,Lira-Carnota
ESP,ESLNS,Llanes
ESP,ESLLC,Llansa
ESP,ESLLO,LloretdeMar
ESP,ESLRC,Lorbe
ESP,ESABG,LosAbrigos
ESP,ESLCR,LosCristianos
ESP,ESLAK,LosGigantes
ESP,ESLSI,LosSilos
ESP,ESLCO,Luanco
ESP,ESLUA,Luarca
ESP,ESMAH,Mahn
ESP,ESMAM,Malgrat
ESP,ESMAI,MalpicadeBergantios
ESP,ESMQE,Marbella
ESP,ESMPG,Marin
ESP,ESMTO,Matar
ESP,ESMAN,Mazagn
ESP,ESMZO,Mazarron
ESP,ESMEI,Meira
ESP,ESMLN,Melilla
ESP,ESMEO,Mera-Oleiros
ESP,ESMNO,Mio
ESP,ESAGP,Mlaga
ESP,ESMOA,Moaa
ESP,ESZIH,Mogn
ESP,ESMTG,Montgat
ESP,ESMRA,Moraira
ESP,ESMHR,MorroJable
ESP,ESMTU,Motrico
ESP,ESMOT,Motril
ESP,ESMGR,Mugardos
ESP,ESMGA,Mugia
ESP,ESDAC,Mundaca
ESP,ESMRS,Muros
ESP,ESNEM,Niembro
ESP,ESNOA,Noia
ESP,ESOLV,Oliva
ESP,ESOND,Ondarroa
ESP,ESORI,Orio
ESP,ESOPM,OropesadelMar
ESP,ESSTR,Ortiguera
ESP,ESOZL,Orzola
ESP,ESOVN,Oviana
ESP,ESPAL,Palams
ESP,ESPMI,PalmadeMallorca
ESP,ESPMA,Palmeira
ESP,ESPFT,PalosdelaFrontera
ESP,ESPNJ,Panjn
ESP,ESPAS,Pasajes
ESP,ESQAA,Perellonet
ESP,ESPNL,Pescola
ESP,ESZJM,Pineda
ESP,ESQLY,PlayaBlanca
ESP,ESPPS,PlayadeSantiago(Gomera)
ESP,ESPSJ,PlayaSanJuan-GuiaIsora
ESP,ESPAM,PlayaSanMarcos
ESP,ESZOD,Plencia
ESP,ESPSA,Pollensa
ESP,ESZJU,Pontecesures
ESP,ESPEV,Pontevedra
ESP,ESPAB,PorsdeAbona
ESP,ESPBO,PortBou
ESP,ESQAJ,PortdelaSelva
ESP,ESPRD,PortoColom
ESP,ESPCR,PortoCristo
ESP,ESZJN,Portonovo
ESP,ESPRT,Portosn
ESP,ESPOR,Portugalete
ESP,ESVZZ,PremideMar
ESP,ESPTD,Puentedeume
ESP,ESPCL,PuertoColon(PlayaAmericas)
ESP,ESRUZ,PuertodelaCruz
ESP,ESPUC,PuertodelCarmen
ESP,ESFUE,PuertodelRosario
ESP,ESPTN,PuertodelSon
ESP,ESMOR,PuertodeMors
ESP,ESPSM,PuertodeSantaMara
ESP,ESQAE,PuertodeSantiago
ESP,ESPSL,PuertodeSller
ESP,ESPVG,PuertodeVega
ESP,ESQAI,PuertoEspindola
ESP,ESQAH,PuertoNaos
ESP,ESPUS,PuertoReal
ESP,ESPTM,PuntadelMoral
ESP,ESPHD,PuntaHidalgo
ESP,ESZJY,PuntaUmbria
ESP,ESRAC,Rajo
ESP,ESREE,Redes
ESP,ESRED,Redondela
ESP,ESRTA,Rentera
ESP,ESRQD,Requejada
ESP,ESRIA,Rianjo
ESP,ESRIB,Ribadeo
ESP,ESRBS,Ribadesella
ESP,ESRHR,Rinlo
ESP,ESRQM,RoquetasdeMar
ESP,ESROS,Rosas
ESP,ESROT,Rota
ESP,ESSAD,Sada
ESP,ESSAG,Sagunto
ESP,ESSAT,Salinetas
ESP,ESSAN,SanAdrin
ESP,ESSEM,SanAndrs
ESP,ESSAA,SanAntonioAbad
ESP,ESSCR,SanCarlosdelaRpita
ESP,ESSCI,SanCiprin
ESP,ESSCK,SanCristbal
ESP,ESSPT,SanctiPetri
ESP,ESSEO,SanEstebandePravia
ESP,ESSFU,SanFeliudeGuixols
ESP,ESSFO,SanFernando
ESP,ESSXX,Sanjenjo
ESP,ESJLA,SanJuandelaArena
ESP,ESSBA,SanlucarDeBarrameda
ESP,ESMDT,SanMigueldeTajao
ESP,ESSPP,SanPedrodelPinatar
ESP,ESSAP,SanPedroPescador
ESP,ESZME,SanPoldeMar
ESP,ESEAS,SanSebastin
ESP,ESGMR,SanSebastindelaGomera
ESP,ESSNY,Santa
ESP,ESCOS,SantaCristinadeCobres
ESP,ESSPC,SantaCruzdeLaPalma
ESP,ESSCT,SantaCruzdeTenerife
ESP,ESSNI,SantaEugeniadeRiveira
ESP,ESSMR,SantaMartadeOrtigueira
ESP,ESSDR,Santander
ESP,ESSPO,SantaPola
ESP,ESSNN,Santoa
ESP,ESSNR,Santurce
ESP,ESSVB,SanVicentedelaBarquera
ESP,ESSRL,SardinadeGldar
ESP,ESZMF,Sauzal
ESP,ESETY,S'EstanyoldeMigjorn
ESP,ESSVQ,Sevilla
ESP,ESSIT,Sitges
ESP,ES999,Spain-Unknown
ESP,ESSUN,Suances
ESP,ESTAN,Taliarte-Melenara
ESP,ESTPC,TapiadeCasariego
ESP,ESTRF,Tarifa
ESP,ESTAR,Tarragona
ESP,ESTAZ,Tazacorte
ESP,ESTZN,Tazones
ESP,ESTAG,Teis-Chapela
ESP,ESTDM,TorredelMar
ESP,ESTRR,Torredembarra
ESP,ESTOR,Torrevieja
ESP,ESTOT,Tortosa
ESP,ESTKG,TossadeMar
ESP,ESTUY,Ty
ESP,ESVLC,Valencia
ESP,ESVGR,ValleGranRey
ESP,ESVGE,ValleGuerra
ESP,ESVIZ,Viavelez
ESP,ESVIE,Vicedo
ESP,ESVGO,Vigo
ESP,ESVLG,VilanovaylaGeltr
ESP,ESMAZ,VilladeMazo
ESP,ESVIL,VillagarciadeArosa
ESP,ESVJY,Villajoyosa
ESP,ESVEM,Villajuan
ESP,ESVEN,Villanueva
ESP,ESVCR,Villaricos
ESP,ESVZR,Vinaroz
ESP,ESVIV,Vivero
ESP,ESVMG,Vlez-Mlaga
ESP,ESZAU,Zarauz
ESP,ESZMY,Zumaya
FRA,FRABB,Abbeville
FRA,FRAWR,AberWrac'h
FRA,FRAOO,Adour
FRA,FRAGD,Agde
FRA,FRAGF,Agen
FRA,FRAOV,Agon-Coutainville
FRA,FRAYS,Aire-sur-la-Lys
FRA,FRAYZ,Aise
FRA,FRQXB,Aix-en-Provence
FRA,FRAJA,Ajaccio
FRA,FRATV,Albertville
FRA,FRALE,Alenon
FRA,FRALS,Als
FRA,FRAMB,Ambrieux-en-Dombes
FRA,FRAMI,Amiens
FRA,FRADB,Andernos-les-Bains
FRA,FRANE,Angers
FRA,FRAJJ,Angoulins
FRA,FRANG,Angoulme
FRA,FRNCY,Annecy
FRA,FRANM,Annemasse
FRA,FRA2M,Anneville-sur-Mer
FRA,FRANT,Antibes
FRA,FRARC,Arcachon
FRA,FRALM,Argels-sur-Mer
FRA,FRAR5,Argenton
FRA,FRARL,Arles
FRA,FRADN,Arradon
FRA,FRARR,Arras
FRA,FRR4B,Arromanches-les-Bains
FRA,FRTWA,Ars
FRA,FRAER,Ars-en-R
FRA,FRART,Artix
FRA,FRAZR,Arzal
FRA,FRRZN,Arzon
FRA,FRAA2,Asnelles
FRA,FRAQU,Asques
FRA,FROBS,Aubenas
FRA,FRAUG,Aubergenville
FRA,FRAUC,Auch
FRA,FRAA4,Audenge
FRA,FRAUD,Audierne
FRA,FRAD3,Audresselles
FRA,FRASB,Aulnay-sous-Bois
FRA,FRAUL,Aulnoye-Aymeries
FRA,FRZEG,Auray
FRA,FRAUR,Aurillac
FRA,FRAUF,Auxerre
FRA,FRAVN,Avignon
FRA,FRAVF,Avoriaz
FRA,FRAVR,Avranches
FRA,FRXLT,Ax-les-Thermes
FRA,FRBB4,BaiedeBourgneuf
FRA,FRXBD,Bandol
FRA,FRBAN,Bantzenheim
FRA,FRUYR,Banyuls-sur-Mer
FRA,FRBAE,Barcelonnette
FRA,FR2GX,Barfleur
FRA,FRBLD,Bar-le-Duc
FRA,FRBNV,Barneville-Carteret
FRA,FRBAI,Basse-Indre
FRA,FRBAS,Bassens
FRA,FRBIA,Bastia
FRA,FRBAT,Batilly
FRA,FRBMR,Batz-sur-Mer
FRA,FRBAY,Bayonne
FRA,FRB6P,Beaumont-de-Pertuis
FRA,FR5BY,Beaunay
FRA,FRBEA,Beaune
FRA,FRBVA,Beauvais
FRA,FRBEC,Becd'Ambs
FRA,FRBM5,BegMeil
FRA,FRBM6,BegMelen
FRA,FRBOR,Belfort
FRA,FRBEL,Bellegarde-sur-Valserine
FRA,FRBI4,Belle-le-en-Mer
FRA,FRBSS,Belleville-sur-Sane
FRA,FRBRA,Bercy
FRA,FREGC,Bergerac
FRA,FRBEI,Berguette
FRA,FRBM7,Bernires-sur-Mer
FRA,FRBEE,Berre
FRA,FRETB,Berre-l'tang
FRA,FRBEV,Berville-sur-Mer
FRA,FRBSN,Besanon
FRA,FRBR2,Bestre
FRA,FRBIQ,Biarritz
FRA,FRBDD,Bidart
FRA,FRZBE,Biganos
FRA,FRBI3,Billiers
FRA,FRBN2,Binic
FRA,FRBIM,Bischheim
FRA,FRBLA,Blainville-sur-l'Eau
FRA,FRBVM,Blainville-sur-Mer
FRA,FRBYE,Blaye
FRA,FRBLO,Blois
FRA,FRBEG,Bning-ls-Saint-Avold
FRA,FRDBE,Bnodet
FRA,FRBON,Bonifacio
FRA,FRBNL,Bonneuil-les-Eaux
FRA,FRBO2,Bono
FRA,FRBSC,Bonsecours
FRA,FRBOD,Bordeaux
FRA,FRBAU,Boucau
FRA,FRBOL,Boulogne-sur-Mer
FRA,FRBH4,Bourcefranc-le-Chapus
FRA,FRBOU,Bourges
FRA,FROUR,Bourgogne
FRA,FRBSG,Bourg-sur-Gironde
FRA,FRBNS,Boussens
FRA,FRBZ6,Bouzigues
FRA,FRGUZ,Bouzigues
FRA,FRBES,Brest
FRA,FRBH3,Brhec
FRA,FRBM8,Bricqueville-sur-Mer
FRA,FRBG4,Brigneau
FRA,FRBGG,Brignogan-Plage
FRA,FRBVE,Brive-la-Gaillarde
FRA,FRLYN,BronApt/Lyon
FRA,FRBG6,Brouage
FRA,FRBRE,Brtigny-sur-Orge
FRA,FRBZB,Brzellec
FRA,FRBET,Bthune
FRA,FRBG5,Buguls
FRA,FRBZR,Bziers
FRA,FRCFR,Caen
FRA,FRZAO,Cahors
FRA,FRCQF,Calais
FRA,FRCLY,Calvi
FRA,FRCAM,Camaret-sur-Mer
FRA,FRCM6,Camol
FRA,FRCM5,Campoloro
FRA,FRV35,Cancale
FRA,FRPYO,Canet-en-Roussillon
FRA,FRCEQ,Cannes
FRA,FRCBT,Capbreton
FRA,FRCC5,CapCoz
FRA,FRCIF,Cap-d'Antifer
FRA,FRCRN,Carantec
FRA,FRCCF,Carcassonne
FRA,FRCTA,Carentan
FRA,FRCG3,Cargse
FRA,FRCQI,Carqueiranne
FRA,FRCR2,Carro
FRA,FRRYR,Carry-le-Rouet
FRA,FRCRT,Carteret
FRA,FRAIS,Cassis
FRA,FRCS9,Cassy
FRA,FRCAS,Castres
FRA,FRCAV,Cavaillon
FRA,FRCAY,Cayeux-sur-Mer
FRA,FRCN5,Centuri
FRA,FRCEB,Cerbre
FRA,FRCEP,Cergy
FRA,FRHAB,Chablis
FRA,FRCT4,Chaillevette
FRA,FRCSS,Chalon-sur-Sane
FRA,FRCMF,Chambry
FRA,FRCHS,Champigneulles
FRA,FRCDM,Champs-de-Mars/Lille
FRA,FRCDG,Charles-de-GaulleApt/Paris
FRA,FRCHM,Charleville-Mzires
FRA,FRZYH,Charnizay
FRA,FRCJH,Charron
FRA,FRCHA,Chartres
FRA,FRCHX,Chateaucreux/Saint-Etienne
FRA,FRCHN,Chaulnes
FRA,FRCMT,Chaumont
FRA,FRCHY,Chauny
FRA,FRC2H,Chausey
FRA,FRCER,Cherbourg
FRA,FRCSM,Chlons-en-Champagne
FRA,FRCHO,Choisy-le-Roi
FRA,FRCET,Cholet
FRA,FRCAR,Chteau-Arnoux
FRA,FRCHR,Chteauroux
FRA,FRHTP,Chtelaillon-Plage
FRA,FRCHL,Chtellerault
FRA,FRCLA,Clamart
FRA,FRCL6,Claouey
FRA,FRCL7,Clder
FRA,FRCFE,Clermont-Ferrand
FRA,FRHCN,Clohars-Carnot
FRA,FRCLE,Clon
FRA,FRCLU,Cluses
FRA,FRCNG,Cognac
FRA,FRCQK,Cogolin
FRA,FRURU,Collioure
FRA,FRCMR,Colmar
FRA,FRCMP,Compigne
FRA,FRCOC,Concarneau
FRA,FRCEJ,Conflans-en-Jarnisy
FRA,FRCN6,Contis
FRA,FRCRX,Contrexville
FRA,FRCOR,Corbehem
FRA,FRCOE,Corbeil-Essonnes
FRA,FRCXY,Cordemais
FRA,FRCQV,Cosqueville
FRA,FRCOI,Coudeville
FRA,FRBP2,Courbpine
FRA,FRCVF,Courchevel
FRA,FRCUN,Couron
FRA,FRCM8,Courseulles-sur-Mer
FRA,FRCOU,Coussoul/Fos-sur-Mer
FRA,FRCQX,Crach
FRA,FRCRL,Creil
FRA,FRCRD,Creutzwald
FRA,FRCRO,Cronenbourg
FRA,FRCEV,Crpy-en-Valois
FRA,FRCUZ,Culoz
FRA,FRDHA,Dahout
FRA,FRDGD,Damgan
FRA,FRDAX,Dax
FRA,FRDOL,Deauville
FRA,FRDEL,Delle
FRA,FRDEI,Denneville
FRA,FRDPE,Dieppe
FRA,FRDGN,Digne
FRA,FRDIJ,Dijon
FRA,FRPTN,Dijon-PorteNeuve
FRA,FRDIL,Dilette
FRA,FRDNR,Dinard
FRA,FRDSM,Dives-sur-Mer
FRA,FRDLV,Dlivrance/Lille
FRA,FRDLE,Dole
FRA,FRDON,Donges
FRA,FRDBI,Donville-les-Bains
FRA,FRDOI,Douai
FRA,FRDRZ,Douarnenez
FRA,FRDRE,Dreux
FRA,FRDKK,Dunkerque
FRA,FREC8,Echir
FRA,FRQUY,Erquy
FRA,FREEA,EstuairedelaGironde
FRA,FREOE,EstuairedelaLoire
FRA,FREBQ,EtangdeBages-Sigean
FRA,FREGL,Etangdel'Ayrolle
FRA,FREDH,EtangdeMauguio
FRA,FREVT,EtangduPrvost
FRA,FRE29,Etel
FRA,FRFAC,Facture
FRA,FRFEC,Fcamp
FRA,FRF2V,Fermanville
FRA,FRFEY,Feyzin
FRA,FRFSC,Figari
FRA,FR3FC,Flines-lez-Raches
FRA,FRFOI,Foix
FRA,FRT7M,Fontaine-Mcon
FRA,FRFOM,Fontenay-sur-Mer
FRA,FRFOR,Forbach
FRA,FRFDE,Fort-De-France
FRA,FR,Fort-De-France=MqFdf
FRA,FRFOS,Fos-sur-Mer
FRA,FRFOU,Fougres
FRA,FRFUA,Fouras
FRA,FR999,France-Unknown
FRA,FRFRJ,Frjus
FRA,FRFRO,Frontignan
FRA,FRGAD,Gaillard
FRA,FRGAI,Gaillon
FRA,FRG9J,Gajan
FRA,FRGAN,Gannat
FRA,FRGAT,Gap
FRA,FRSLA,GareSaint-Laud/Angers
FRA,FRGLG,Garges-ls-Gonesse
FRA,FRGVL,Gennevilliers
FRA,FRGTN,Gents
FRA,FRGEX,Gex
FRA,FRGIN,Giens
FRA,FRGIS,Givors
FRA,FRGJE,GolfeJuan
FRA,FRONE,Gonesse
FRA,FRGLO,Gonfreville-l'Orcher
FRA,FRGR5,Goury
FRA,FRF2N,Gouville-sur-Mer
FRA,FRGCP,Grandcamp
FRA,FRGRC,Grand-Couronne
FRA,FRGPO,Grand-Fort-Philippe
FRA,FRGQE,GrandPiquey
FRA,FRGBC,Grandpuits-Bailly-Carrois
FRA,FRGFR,Granville
FRA,FRGRS,Grasse
FRA,FRGRV,Gravelines
FRA,FRGV6,Gravette
FRA,FRGRK,Grenade
FRA,FRGNB,Grenoble
FRA,FRGRA,Gretz-Armainvilliers
FRA,FRG2X,Groix
FRA,FRWGE,Gruissan
FRA,FRGRE,Guillotire/Lyon
FRA,FRGVC,Guilvinec
FRA,FRGUI,Guingamp
FRA,FRGMS,Gujan-Mestras
FRA,FRGUE,Guret
FRA,FRGB2,Guthary
FRA,FRGV5,Gvres
FRA,FRHAE,Hagondange
FRA,FRHAG,Haguenau
FRA,FRHNE,Han-sur-Meuse
FRA,FRHRF,Harfleur
FRA,FRHSA,Hauteville-sur-Mer
FRA,FRHEN,Hendaye
FRA,FRHET,Hennebont
FRA,FRHEB,Hnin-Beaumont
FRA,FRHDO,Hoedic
FRA,FRHON,Honfleur
FRA,FRHOU,Hourcade
FRA,FRHOE,Hrdt
FRA,FRHUN,Huningue
FRA,FRIRI,Irigny
FRA,FRISM,Isigny-sur-Mer
FRA,FRISS,Issoire
FRA,FRIT2,Ittenheim
FRA,FRIZO,Izon
FRA,FRJLP,Juan-les-Pins
FRA,FRJUV,Juvisy-sur-Orge
FRA,FRKSL,Kastellac'h
FRA,FRKUK,Kerdruc
FRA,FRKRE,Kerlouan
FRA,FRKOK,Kerroch
FRA,FRKSI,Korjou/Saint-Michel
FRA,FRKOC,Krascout
FRA,FRKTK,Krity
FRA,FRBR5,LaBarbotire
FRA,FRLDM,LaBarre-de-Monts
FRA,FRBTD,laBastide/Bordeaux
FRA,FRLBY,LaBaule
FRA,FRBE5,LaBelleEtoile
FRA,FRLCH,laChapelle
FRA,FRLCT,LaCiotat
FRA,FRLC5,LaCotinire
FRA,FRLAC,Lacq
FRA,FRLXV,LaCroix-Valmer
FRA,FRCF7,LaDouane(Lge-Cap-Ferret)
FRA,FRLFK,LaFlotte/ledeR
FRA,FRLZF,LaFort-Fouesnant
FRA,FRLF3,LaFosse
FRA,FRLFY,LaFresnaye-au-Sauvage
FRA,FRLHH,LaHume
FRA,FRAS3,L'Aiguillon-sur-Mer
FRA,FRAHZ,L'Alpe-d'Huez
FRA,FRLMA,LaMadeleine
FRA,FRLR9,Lamarque
FRA,FRMR4,LaMartinire
FRA,FRLMD,laMde
FRA,FRLM7,LaMeule
FRA,FRLM5,LaMole(Gujan-mestras)
FRA,FRZEU,Lampaul-Plouarzel
FRA,FRLE6,Landeda
FRA,FRLDN,Landerneau
FRA,FRLN4,Landevennec
FRA,FRLDV,Landivisiau
FRA,FRLR5,Landrellec
FRA,FRANO,Langon
FRA,FRLAN,Langres
FRA,FRLN5,Langrune-sur-Mer
FRA,FRDUT,Lanildut
FRA,FRLO6,Lanmodez
FRA,FRLAI,Lannion
FRA,FRLJA,Lanton
FRA,FRLAO,Laon
FRA,FRLPE,laPallice
FRA,FRPM5,LaPalmyre
FRA,FRPS6,LaPasserelle
FRA,FRPLG,LaPlagne
FRA,FRLPA,LaPoterie-Cap-d'Antifer
FRA,FRPUI,LaPuye
FRA,FRAC5,L'Arcoust/Cornec
FRA,FRLAD,l'Ardoise
FRA,FRLB3,Larmor-Baden
FRA,FRLP4,Larmor-Plage
FRA,FRLR8,LaRocheJaune
FRA,FRLRH,LaRochelle
FRA,FREDM,LaRoche-sur-Yon
FRA,FRLO4,Larros
FRA,FRRN4,LARUNION
FRA,FRLV4,Larvor
FRA,FRYNE,LaSeyne-sur-Mer
FRA,FRTDB,LaTeste-de-Buch
FRA,FRLDC,Latour-de-Carol
FRA,FRLT3,LaTranche-sur-Mer
FRA,FRTRB,LaTremblade
FRA,FRTN2,LaTrinite
FRA,FRMHB,LaTrinit-sur-Mer
FRA,FRTBE,LaTurballe
FRA,FRLR4,Lauberlac'h
FRA,FRLAU,Lauterbourg
FRA,FRLVA,Laval
FRA,FRLAT,Lavelanet
FRA,FRLVV,LaVeuve
FRA,FRVI2,LaVigne
FRA,FRVIO,laViotte
FRA,FRLAV,Lavra
FRA,FRBCJ,LeBarcars
FRA,FRLBM,LeBlanc-Mesnil
FRA,FRBN4,LeBonhomme
FRA,FRLBQ,LeBoucau
FRA,FRLEB,LeBoulou
FRA,FRLBG,LeBourgetApt/Paris
FRA,FRBL5,LeBrusc
FRA,FRCA7,LeCanal
FRA,FRCA5,LeCanon
FRA,FRLI4,Lechiagat
FRA,FRHTR,LeChteau-d'Olron
FRA,FRCE9,LeCollet
FRA,FRCQ2,LeConquet
FRA,FRLCR,LeCreusot
FRA,FROII,LeCroisic
FRA,FROTY,LeCrotoy
FRA,FRIDX,le-d'Aix
FRA,FRHMX,le-de-Batz
FRA,FRIHR,le-de-Brhat
FRA,FRME5,ledeMolne
FRA,FRSI3,ledeSein
FRA,FRHOT,le-d'Houat
FRA,FRDUU,LeDouhet
FRA,FRLFR,LeFrt
FRA,FRIRR,le-Grande
FRA,FRGE3,LeGrandEtierdeSallertaine
FRA,FRLGR,LeGrau-du-Roi
FRA,FRLGU,leGuildo
FRA,FRGE2,LeGuildo
FRA,FRUCM,L'Eguille
FRA,FRLEH,LeHavre
FRA,FRVNO,LeLavandou
FRA,FRME2,LeMagouer
FRA,FRLME,LeMans
FRA,FRMI3,LeMigron
FRA,FRMI4,LeMorin
FRA,FRLEN,Lens
FRA,FRPDW,LePaindeSucre
FRA,FRLP2,LePalais
FRA,FRLEP,LePassage
FRA,FRPXN,LePellerin
FRA,FRPTQ,LePetit-Quevilly
FRA,FRCFP,LePhare(Lge-Cap-Ferret)
FRA,FREL2,L'Epoids
FRA,FRPD3,LePouldu
FRA,FRPL4,LePouliguen
FRA,FRLPY,LePuy-en-Velay
FRA,FRXRA,LeRevest-les-Eaux
FRA,FRRE2,LeRocher
FRA,FRLAR,LesArcs
FRA,FRBS3,LesBrochets
FRA,FRCH9,LesChamps
FRA,FRLKL,Lesconil
FRA,FRDXA,LesDeuxAlpes
FRA,FRIDH,lesduGolfeduMorbihan
FRA,FRLBI,LeSequestreApt/Albi
FRA,FRGG2,LesGougins,Saint-Marcouf
FRA,FRJJT,LesJacquets
FRA,FRLLA,lesLaumes
FRA,FRMD7,LesMonards
FRA,FRLSO,LesSables-d'Olonne
FRA,FRL65,Lessy
FRA,FRLUL,LesUlis
FRA,FRHHL,LeTeich
FRA,FRTDF,LeTinduff
FRA,FRLTQ,LeTouquet-Paris-Plage
FRA,FRLTR,LeTrport
FRA,FRUTE,Leucate
FRA,FRLVE,LeVerdon-sur-Mer
FRA,FRVM6,LeVivier-sur-Mer
FRA,FRYU3,LeYaudet
FRA,FRLF2,Lge-Cap-Ferret
FRA,FRHID,L'Herbaudiere
FRA,FRHB3,L'Herbe
FRA,FRLHP,L'Hospitalet-Pas-de-la-Case
FRA,FRLIB,Libourne
FRA,FRLLE,Lille
FRA,FRLIG,Limoges
FRA,FRLIV,Lingreville
FRA,FRLM2,Lion-sur-Mer
FRA,FRLIA,L'Isle-d'Abeau
FRA,FRIDY,L'le-d'Yeu
FRA,FRILR,L'le-Rousse
FRA,FRHR3,Locmaria
FRA,FRLR3,Locmariaquer
FRA,FRLQ3,Locmiquelic
FRA,FRLQ4,Locquemeau
FRA,FRLQ5,Locquirec
FRA,FRLOC,Loctudy
FRA,FRGPA,Loguivy-Plougras
FRA,FRLN3,Lomener
FRA,FRGU6,Longueval
FRA,FRLON,Longueville
FRA,FRLOY,Longwy
FRA,FRLLS,Lons-le-Saunier
FRA,FRLRT,Lorient
FRA,FRL9R,Lorignac
FRA,FRLDE,Lourdes
FRA,FRUVR,Louvres
FRA,FRLM8,Luc-sur-Mer
FRA,FRLUM,Lumes
FRA,FRLIO,Lyon
FRA,FRLYO,Lyons-la-Fort
FRA,FRLEZ,Lzardrieux
FRA,FRMCQ,Macau
FRA,FRMCI,Macinaggio
FRA,FRMAL,Malesherbes
FRA,FRMND,Mandelieu-la-Napoule
FRA,FRMAN,Mantes-la-Jolie
FRA,FRMRN,Marans
FRA,FRM2R,Marennes
FRA,FRMGN,Marignane
FRA,FRMAR,Marmande
FRA,FRMLV,Marne-la-Valle
FRA,FRMWR,Marseillan
FRA,FRMRS,Marseille
FRA,FRMTU,Martigues
FRA,FRMAU,Maubeuge
FRA,FRMAC,Mcon
FRA,FRMEA,Meaux
FRA,FRMVV,Megve
FRA,FRMEL,Melun
FRA,FRMEN,Mende
FRA,FRN6A,Meneac
FRA,FRETN,Menton
FRA,FRMI7,Merrien
FRA,FRMO5,Meschers-sur-Gironde
FRA,FRMZM,Metz
FRA,FRMM4,Meyran
FRA,FRMIG,Migennes
FRA,FR88T,Milhavet
FRA,FRMIL,Millau
FRA,FRM6M,Mimet
FRA,FRMMZ,Mimizan
FRA,FRMI2,Mindin
FRA,FRMIR,Miramas
FRA,FRMIM,Mitry-Mory
FRA,FRMDN,Modane
FRA,FRMI5,Mogueriec
FRA,FRMOL,Molsheim
FRA,FRMOS,Montargis
FRA,FRMOE,Montataire
FRA,FRMOT,Montauban
FRA,FRMTD,Montbliard
FRA,FRMOC,Montchanin
FRA,FRMDM,Mont-de-Marsan
FRA,FRMTR,Montereau-Fault-Yonne
FRA,FRMTM,Montlimar
FRA,FRMCU,Montluon
FRA,FRMM6,Montmartin-sur-Mer
FRA,FRMTX,Montoir-de-Bretagne
FRA,FRHHE,Montoulieu
FRA,FRMPL,Montpellier
FRA,FRMSM,Mont-Saint-Martin
FRA,FRMQ6,Montval-sur-Loir
FRA,FRMCX,Morcenx
FRA,FRMG8,Morgat
FRA,FRMXN,Morlaix
FRA,FRMR3,Mornac-sur-Seudre
FRA,FR8MG,Morosaglia
FRA,FRMSG,Mortagne-sur-Gironde
FRA,FRMOR,Morteau
FRA,FRMM5,MoulinMer
FRA,FRMOU,Moulins
FRA,FRMO7,Mousterlin
FRA,FRMFX,Mribel
FRA,FRMLH,Mulhouse
FRA,FRMUN,MulhouseNord
FRA,FREZE,Mze
FRA,FRMEZ,Mzidon-Canon
FRA,FRENC,Nancy
FRA,FRNAN,Nanterre
FRA,FRNTE,Nantes
FRA,FRNAE,Nantes-Armes
FRA,FRNAR,Narbonne
FRA,FRNE6,Ncy
FRA,FRNMS,Nemours
FRA,FRNEU,Neufchteau
FRA,FRNES,Neussargues-Moissac
FRA,FRNVS,Nevers
FRA,FRNCE,Nice
FRA,FRNIT,Niort
FRA,FRFNI,Nmes
FRA,FRNOI,Noirmoutier-en-l'le
FRA,FRNLS,Noisy-le-Sec
FRA,FRNUO,Nord-Boulogne
FRA,FROI2,Omonville
FRA,FRORA,Orange
FRA,FRO2A,Oras
FRA,FRORR,Orlans
FRA,FRROO,OrlansSta/Rouen
FRA,FROTM,Ottmarsheim
FRA,FROS2,Ouessant
FRA,FROUI,Ouistreham
FRA,FROUL,Oullins
FRA,FROYO,Oyonnax
FRA,FRPBF,Paimboeuf
FRA,FRPAI,Paimpol
FRA,FRPAF,Palavas-les-Flots
FRA,FRTIN,Pantin
FRA,FRPLM,Paray-le-Monial
FRA,FRPAR,Paris
FRA,FRPUF,Pau
FRA,FRPAP,Pauillac
FRA,FRPPM,Pempoul
FRA,FRPHE,Penhors
FRA,FRPGF,Perpignan
FRA,FRPRY,Perrigny
FRA,FRPS9,Perros
FRA,FRPGR,Perros-Guirec
FRA,FRPET,Petit-Couronne
FRA,FRPUP,PetitPiquey
FRA,FRZ7P,Pezens
FRA,FREPL,pinal
FRA,FRPI4,Piraillan
FRA,FRPIR,Piriac-sur-Mer
FRA,FRPI2,Pirou
FRA,FRPBY,Pleubian
FRA,FRPU4,Plouescat
FRA,FRPLO,Plougasnou
FRA,FRPGC,Plougrescant
FRA,FRPA2,Plouguerneau
FRA,FRPMH,Ploumanac'h
FRA,FRPPN,Pointe-A-Pitre
FRA,FRPOI,Poissy
FRA,FRPIS,Poitiers
FRA,FRPON,Pontarlier
FRA,FRPDA,Pont-d'Ain
FRA,FRPO3,PontdelaCorde
FRA,FRPAB,Pont-l'Abb
FRA,FRPAM,Pont--Mousson
FRA,FRPOX,Pontrieux
FRA,FRPRC,Pornic
FRA,FRPHQ,Pornichet
FRA,FREMR,Porquerolles
FRA,FRPBC,PorsBeach
FRA,FRPCV,Porscave
FRA,FRPE3,Pors-Even
FRA,FRPSI,Pors-Gelin
FRA,FRPH8,PorsPoulhan
FRA,FRXFK,Port-Aux-Franais
FRA,FRPBA,Portbail
FRA,FRPB2,Port-Blanc
FRA,FRPDB,Port-de-Bouc
FRA,FRPG5,PortdeGoule
FRA,FRLM6,PortdeLaMarchale
FRA,FRPDP,Port-de-Piles
FRA,FRPDH,Port-des-Barques
FRA,FRSC9,PortdesCallonges(Saint-Ciers-sur-Gironde)
FRA,FR6AC,PortduBetey(Andernos-les-Bains)
FRA,FRPBP,PortduBloscon
FRA,FRPR2,Port-du-Plomb
FRA,FRPDR,Port-du-Rhin/Strasbourg
FRA,FRRTB,Port-en-Bessin-Huppain
FRA,FRPOR,Portes-ls-Valence
FRA,FRP9S,PortesNeuves
FRA,FRPSS,Portet-Saint-Simon
FRA,FRPRJ,Port-Joinville
FRA,FRPJE,Port-Jrme
FRA,FRNOU,Port-la-Nouvelle
FRA,FRPL5,PortLay
FRA,FRPZ3,Port-Lazo
FRA,FRPF2,PortleFour
FRA,FRPPL,Port-Louis
FRA,FRPM6,PortManec'h
FRA,FRPM4,Port-Maubert
FRA,FRPT4,PortNeuf
FRA,FRPN6,PortNord
FRA,FRPO4,Porto
FRA,FRPVO,Porto-Vecchio
FRA,FRPSL,Port-Saint-Louis-du-Rhne
FRA,FRPR6,Portsall
FRA,FRPT3,PortTudy
FRA,FRPOV,Port-Vendres
FRA,FRPVU,Pourville
FRA,FRPI9,Prefailles
FRA,FRPGX,Prigueux
FRA,FRPRV,Privas
FRA,FRPRP,Propriano
FRA,FRQUL,Querqueville
FRA,FRQUI,Quiberon
FRA,FRQRU,Quiberville
FRA,FRUIP,Quimper
FRA,FRESO,ragny
FRA,FRRR2,Raguenes
FRA,FRR7V,Raveau
FRA,FRRO3,Ravenoville
FRA,FRR45,Rebrchien
FRA,FRRDN,Redon
FRA,FRRVM,Regneville-sur-Mer
FRA,FRREI,Reichstett
FRA,FRRHE,Reims
FRA,FRREM,Remoulins
FRA,FRRNS,Rennes
FRA,FRREV,Revigny-sur-Ornain
FRA,FRRIC,Richwiller
FRA,FRIEC,Riec-sur-Blon
FRA,FRRIO,Riom
FRA,FRXXX,RISInlandwaterways
FRA,FRRIV,Rivesaltes
FRA,FRRNE,Roanne
FRA,FRRCO,Rochefort
FRA,FRRDZ,Rodez
FRA,FRROG,Rognac
FRA,FRRSS,Romilly-sur-Seine
FRA,FRRON,Roncq
FRA,FRRSA,Roquebrune-sur-Argens
FRA,FRRA3,Rosbras
FRA,FRRO4,Roscanvel
FRA,FRROS,Roscoff
FRA,FRRV4,Rostiviec
FRA,FRROU,Roubaix
FRA,FRRUB,Roubaril
FRA,FRURO,Rouen
FRA,FRSHE,Roullet-Saint-Estphe
FRA,FRRYN,Royan
FRA,FRRUE,Rueil-Malmaison
FRA,FRRUN,Rungis
FRA,FRRWI,Rville
FRA,FRSAB,Sablon
FRA,FR6SE,Sains-en-Gohelle
FRA,FRSTR,Saint-Amour
FRA,FRSZB,Saint-Andr-de-Cubzac
FRA,FRSAE,Saint-Andr-de-l'Eure
FRA,FRSBI,Saint-Aubin-sur-Mer
FRA,FRSTA,Saint-Avold
FRA,FRRCM,Saint-Briac-sur-Mer
FRA,FRSBK,Saint-Brieuc
FRA,FRAMA,Saint-Chamas
FRA,FRSTC,Saint-Claude
FRA,FRS2C,Saint-Cyprien,Pyrnes-Orientales
FRA,FRSCY,Saint-Cyprien/Toulouse
FRA,FRSDI,Saint-Di
FRA,FRSRW,Sainte-Barbe
FRA,FRSW6,Sainte-Gemme-en-Sancerrois
FRA,FRSM5,Sainte-Marie-du-Mont
FRA,FRSM6,Sainte-Marine
FRA,FRZMX,Sainte-Maxime
FRA,FRXSR,Saintes-Maries-de-la-Mer
FRA,FRSPH,Saint-Estphe,Mdoc
FRA,FREC5,Saint-Euphraise-Et-Clairizet
FRA,FRSE2,Saint-Evette
FRA,FRLYS,Saint-ExupryApt/Lyon
FRA,FRZFB,Saint-Florent
FRA,FRSGD,Saint-Germain-au-Mont-d'Or
FRA,FRSG9,Saint-Germain-sur-Ay
FRA,FRGN5,Saint-Gibrien
FRA,FRXGV,Saint-Gilles-Croix-de-Vie
FRA,FRGN3,Saint-Guenole
FRA,FRJAM,Saint-Jacut-de-la-Mer
FRA,FRZJZ,Saint-Jean-de-Luz
FRA,FRSJD,Saint-Jean-de-Maurienne
FRA,FRSTJ,Saint-Jory
FRA,FRS5Y,Saint-Julien-D'Eymet
FRA,FRSJG,Saint-Julien-en-Genevois
FRA,FRSLO,Saint-L
FRA,FRSL5,Saint-Laurent-de-la-Salanque
FRA,FRSL8,Saint-Laurent-sur-Mer
FRA,FRSTL,Saint-Louis
FRA,FRLOU,Saint-Louis-de-Montferrand
FRA,FRSML,Saint-Malo
FRA,FRLU2,Saint-Mandrier-sur-Mer
FRA,FR6M4,Saint-Martin-de-Gurson
FRA,FRS2R,Saint-Martin-de-R
FRA,FRSNR,Saint-Nazaire,Loire-Atlantique
FRA,FRSNP,Saint-Nazaire,Pyrnes-Orientales
FRA,FRSZI,Saint-Nazaire-sur-Charente
FRA,FRSTO,Saint-Omer
FRA,FRS29,Saint-Pabu
FRA,FRSQ2,Saint-Quay-Portrieux
FRA,FRSTQ,Saint-Quentin
FRA,FRSQF,Saint-Quentin-Fallavier
FRA,FRSRA,Saint-Rambert-d'Albon
FRA,FRSRL,Saint-Raphal
FRA,FRSU6,Saint-Seurin-d'Uzet
FRA,FREBU,Saint-tienne
FRA,FRTRJ,Saint-Trojan
FRA,FR5TB,Saint-Trojan-les-Bains
FRA,FRSTP,Saint-Tropez
FRA,FRSV3,Saint-Valery-en-Caux
FRA,FRSVS,Saint-Valry-sur-Somme
FRA,FRSV5,Saint-Vivien-de-Mdoc
FRA,FRSWD,Saint-Wandrille-Ranon
FRA,FRSAL,Salaise-sur-Sanne
FRA,FRSH8,Salinsd'Hyres
FRA,FRYNR,Sanary-sur-Mer
FRA,FRSRR,Sancerre
FRA,FRS4P,Santa-Maria-Poghju
FRA,FRSE3,Santec
FRA,FRSAR,Sarreguemines
FRA,FRYSZ,Sarzeau
FRA,FRSAU,Saumur
FRA,FRS22,Sausset-les-Pins
FRA,FRSO6,Sauzon
FRA,FRSAV,Saverne
FRA,FR4ML,Sceaux-d'Anjou
FRA,FRSN4,Sene
FRA,FRSEN,Sens
FRA,FRSEC,Serre-Chevalier
FRA,FRSIB,Sibelin
FRA,FRSFP,Six-Fours-les-Plages
FRA,FRSEL,Slestat
FRA,FRSOI,Soissons
FRA,FRSOZ,Solenzara
FRA,FRSXD,SophiaAntipolis
FRA,FRSOT,Sotteville-ls-Rouen
FRA,FROUB,Soubise
FRA,FRWWS,Soussans
FRA,FRCG2,St-Cast-le-Guildo
FRA,FRCM9,St-Christoly-Medoc
FRA,FRSET,Ste
FRA,FRGO2,StGeorgesd'Oleron
FRA,FRGC2,StGilles-Croix-de-Vie
FRA,FRSXB,Strasbourg
FRA,FRVH2,St-Vaast-la-Hougue
FRA,FRSUR,Survilliers
FRA,FRSEV,Svres
FRA,FRTII,Talais
FRA,FRTG4,Talmont-sur-Gironde
FRA,FRELS,taples
FRA,FRTAB,Tarbes
FRA,FRTAR,Tarnos
FRA,FRTST,Taussat
FRA,FRTEZ,Terenez
FRA,FRTER,Tergnier
FRA,FRTHA,Thann
FRA,FRTVL,Thionville
FRA,FRT7B,Thizy-les-Bourgs
FRA,FRTRY,Thoiry
FRA,FRTHO,Thonon-les-Bains
FRA,FRTHS,Thouars
FRA,FRTGF,Tignes
FRA,FRTI7,Tizzano
FRA,FRTON,Tonnay-Charente
FRA,FRTOR,Torcy
FRA,FRTOU,Toul
FRA,FRTOO,ToulBroch
FRA,FRTLN,Toulon
FRA,FRTLS,Toulouse
FRA,FRTOG,Tourcoing
FRA,FRTGD,Tourgville
FRA,FRTUF,Tours
FRA,FRTNF,Toussus-le-Noble
FRA,FRTRA,Trappes
FRA,FRTRK,Trboul
FRA,FRTBD,Trebeurden
FRA,FRTT2,Trehiguier-en-Penestin
FRA,FRTZM,Tremazan
FRA,FRTMU,Trentemoult
FRA,FRET2,tretat
FRA,FRTGT,Trgastel
FRA,FRTRE,Trguier
FRA,FRTT3,Trlvern
FRA,FRTJE,Trouville-sur-Mer
FRA,FRQYR,Troyes
FRA,FRTVG,Trvignon
FRA,FRTTU,Tudy
FRA,FRUCK,Uckange
FRA,FRUAT,UtahBeach
FRA,FRVAZ,Val-d'Isre
FRA,FRVAF,Valence
FRA,FRVAL,Valenciennes
FRA,FRVP8,Valras-Plage
FRA,FRV9E,Valserhne
FRA,FRVNE,Vannes
FRA,FRVAR,Varangville
FRA,FRVXB,Vaux-en-Bugey
FRA,FRVRD,Verdun
FRA,FRVET,Vernouillet
FRA,FRV9S,Vernou-la-Celle-sur-Seine
FRA,FRVER,Versailles
FRA,FRVRU,Ver-sur-Mer
FRA,FRVEL,Vesoul
FRA,FRVR4,Veules-les-Roses
FRA,FRVM3,Veulettes-sur-Mer
FRA,FREVI,vian-les-Bains
FRA,FRVHY,Vichy
FRA,FRVS9,Vierville-sur-Mer
FRA,FRVLL,Villefranche-de-Rouergue
FRA,FRVFM,Villefranche-sur-Mer
FRA,FRVSS,Villefranche-sur-Sane
FRA,FRVSG,Villeneuve-Saint-Georges
FRA,FRVIL,Villepinte
FRA,FRVR5,Villerville
FRA,FRVQ7,Villesque-des-Corbires
FRA,FRVZ2,Vitrezay
FRA,FRVIT,Vitrolles
FRA,FRVTY,Vitry-sur-Seine
FRA,FRVTL,Vittel
FRA,FRVIZ,Vizille
FRA,FRVES,Vnissieux
FRA,FREVR,vry
FRA,FRWS2,Wissant
FRA,FRWOI,Woippy
FRA,FRYPJ,Yeuport/Joinville
FRA,FRYYO,Yport
GRC,GRACH,Acheloouekvoles
GRC,GRAXL,AchilleioMagnisias
GRC,GRACL,Achladi
GRC,GRADA,Adamantas
GRC,GRGIE,Aegio
GRC,GRAGA,Agathonisi
GRC,GRAAN,AgiaAnnaNaxou
GRC,GRAEF,AgiaEfimia
GRC,GRPIL,AgiaGalini
GRC,GRAGN,AgiaGaliniRethymnou
GRC,GRAKY,AgiaKyriakiKefalonias
GRC,GRTRK,AgiaKyriakiTrikeron
GRC,GRAGM,AgiaMarinaFthiotidas
GRC,GRGMA,AgiaMarinaGrammatikouAttikis
GRC,GRAMR,AgiaMarina(Leros)
GRC,GRAML,AgiaMarina,Leros
GRC,GRPEL,AgiaPelagiaKefalonias
GRC,GRAPE,AgiapelagiaKythiron
GRC,GRTDR,AgioiTheodoroiKorinthou
GRC,GRAGI,Agiokampos
GRC,GRAOR,AgiokamposOreon
GRC,GRAEN,Agion
GRC,GRAGE,AgiosEfstratios
GRC,GRGLI,AgiosGeorgiosLichadas
GRC,GRDOM,AgiosIoannisDomvrainas
GRC,GRAIM,AgiosIoannis,Piliou
GRC,GRGRA,AgiosIoannisRentis
GRC,GRAGK,AgiosKirykosIkarias
GRC,GRAKO,AgiosKonstantinosFthiotidas
GRC,GRAKI,AgiosKrykos
GRC,GRANI,AgiosNiklaos,Krti
GRC,GRANA,AgiosNikolaos(Anafi)
GRC,GRANK,AgiosNikolaos,Lasithi
GRC,GRANL,AgiosNikolaos(Lasithiou)
GRC,GRANM,AgiosNikolaos(Messinias)
GRC,GRANV,AgiosNikolaos,Volimon
GRC,GRASA,AgiosStefanos(Avlioton)
GRC,GRASF,AgiosStefanosCorfu
GRC,GRAGT,AgioTheodoroi
GRC,GRAGG,AgistriAiginas
GRC,GRAGD,AgnontasSkopelou
GRC,GRAGQ,Agrinion
GRC,GRAID,Aidipsos
GRC,GRAGL,AigialiAmorgou
GRC,GRAIN,Aigina
GRC,GRAIG,Aigio
GRC,GRALE,Alexandroupoli
GRC,GRAIO,Alimos
GRC,GRALM,Alimos
GRC,GRALI,Aliveri
GRC,GRLVR,Aliverio
GRC,GRAPA,Almyropotamos(Panagia)Evvoias
GRC,GRALO,Alonnisos
GRC,GRATS,Altsi
GRC,GRALY,AlykesAchaias
GRC,GRALK,AlykiParou
GRC,GRALP,Alypa,Palaiokastritsas
GRC,GRAMF,Amfilochia
GRC,GRAFI,Amfipoli
GRC,GRAMD,AmmoudiaPrevezas
GRC,GRAMM,AmmoulianiChalkidikis
GRC,GRAMI,Amolian
GRC,GRAMO,Amorgs(Katapola)
GRC,GRABE,AmpelasParou
GRC,GRAND,Andros
GRC,GRANT,Andrrion
GRC,GRANG,AngelochoriThessalonikis
GRC,GRAHS,Ankhalos
GRC,GRATK,Antikyra
GRC,GRANP,Antiparos
GRC,GRMLO,ApolloniaMylou
GRC,GRARM,Argostlion
GRC,GRARG,Argostoli
GRC,GRARI,Arkioi
GRC,GRARK,Arktsa
GRC,GRART,ArtakiEvvoias
GRC,GRARD,Artemida
GRC,GRTEM,Artemis
GRC,GRASG,Aspropyrgos
GRC,GRASP,Asprovalta
GRC,GRSOS,Assos
GRC,GRASS,AssosKefalonias
GRC,GRAST,Astaks
GRC,GRATL,Astypalaia
GRC,GRJTY,Astyplaia
GRC,GRSAT,Atalanti
GRC,GRATA,Atalndi
GRC,GRATR,AtherasKefalonias
GRC,GRARL,Atherinolakkos
GRC,GRMGN,AtherinosMeganisiou
GRC,GRATH,AthiniosThiras
GRC,GRAVD,Avdira
GRC,GRAVA,Avlida
GRC,GRBAT,BatsiAndrou
GRC,GRMPA,BaxesThessalonikis
GRC,GRBLE,BlefoutiLerou
GRC,GRBOU,BoufaloEvvoias
GRC,GRHLS,Chalastra
GRC,GRCHQ,Chalki
GRC,GRCLK,Chalkida
GRC,GRHAL,Chalkida
GRC,GRQKG,Chalkis
GRC,GRHAN,Chania
GRC,GRHER,ChersonisosIrakleiou
GRC,GRHIO,Chios
GRC,GRHWR,ChoraSfakion
GRC,GRJKH,Chos
GRC,GRHRO,Chrousso
GRC,GRDAF,Dafni
GRC,GRDOS,Delos
GRC,GRDIA,Diafani
GRC,GRDIO,Dioni
GRC,GRDON,Donousa,Kykladon
GRC,GRDPA,Drapetzona
GRC,GREDI,Edipsos
GRC,GREGI,Eginion
GRC,GRELE,Elefsina
GRC,GRELT,Eleftheres
GRC,GRELF,Eleftheron
GRC,GREEU,Eleusina
GRC,GRELH,EliosSkopelou
GRC,GRELO,Elounta
GRC,GREPA,EpanomisThessalonikis
GRC,GREPI,Epidavros
GRC,GRERA,Eratini
GRC,GRERK,EreikoussesDiapontioiIslands
GRC,GRERM,Ermini
GRC,GRSYR,Ermpypoli
GRC,GRERE,Ertria
GRC,GREYD,Eydilos
GRC,GRFAN,Fanari
GRC,GRFIS,Fiskrdo
GRC,GRFLI,Floisvos
GRC,GRFOL,Folgandros
GRC,GRFOU,Fornoi
GRC,GRFOY,FournoiIkarias
GRC,GRFRY,Fry
GRC,GRGAL,Galaxidi
GRC,GRGAV,GavathasLesvou
GRC,GRGAD,GavdosChanea
GRC,GRGAY,GavrioAndrou
GRC,GRGEW,Georgioupoli
GRC,GRYER,Gerakini
GRC,GRGLK,Gialiskari
GRC,GRGIA,GialtraEvvoias
GRC,GRAGO,giosEfstrtios
GRC,GRGRK,Glarokavos
GRC,GRGLO,Glossa
GRC,GRGLW,GlossaSkopelou
GRC,GRGFD,Glyfada
GRC,GRGLF,Glyfada
GRC,GRGLY,GlyfaFthiotidas
GRC,GR999,Greece-Unknown
GRC,GRGVA,Greven
GRC,GRGRI,Gritsa
GRC,GRGYT,Gythion
GRC,GRHRK,HerakleiaKykladon
GRC,GRIRP,Ierapetra
GRC,GRIER,Ierpetra
GRC,GRIGO,Igoumentsa
GRC,GRJIK,Ikara
GRC,GRHLI,IliaEvvoias
GRC,GRIML,Imerolia(Kassiopis)
GRC,GRIME,Imeros
GRC,GRIOA,Ionnina
GRC,GRIOS,Ios
GRC,GRIRA,Irakleio
GRC,GRIRI,IriaArgolidas
GRC,GRIRK,Irklia
GRC,GRNAI,Irklion
GRC,GRITM,Isthmia
GRC,GRITA,Itea
GRC,GRITH,Ithaki
GRC,GRKKV,Kakavia
GRC,GRGAI,Kalamaria
GRC,GRKLM,Kalamaria
GRC,GRKLT,Kalamata
GRC,GRKAI,KalamosIsland(Lefkada)
GRC,GRKLX,Kalamta
GRC,GRKLD,KalantosNaxou
GRC,GRKLR,KalirachiThasou
GRC,GRKLA,Kallitha/Athnai
GRC,GRKLZ,KalloniTroizinias
GRC,GRKLL,KaloilimenesIrakleiou
GRC,GRKAL,Kalymnos
GRC,GRSIF,KamaresSifnou
GRC,GRKAM,KamariotissaSamothrakis
GRC,GRKSK,KamirosSkala
GRC,GRKAP,Kapslion
GRC,GRKAR,KaravomylosKefalonias
GRC,GRKRV,KaravostasiLakonias
GRC,GRKRM,Kardamaina(Kos)
GRC,GRKRD,Kardamyla
GRC,GRKDM,Kardmyla
GRC,GRKAG,KarkinagriIkarias
GRC,GRKRL,Karlovasi
GRC,GRKPT,Karpathos
GRC,GRKST,Karystos
GRC,GRKSJ,Kassos
GRC,GRKAS,Kastellorizou(exMegsti)
GRC,GRKZS,Kastelorizo
GRC,GRKSO,Kastori
GRC,GRKSI,KastosIsland
GRC,GRKTL,Katakolo
GRC,GRKAK,Katakolon
GRC,GRKPL,Katapola
GRC,GRKTE,KateleiosKefallinias
GRC,GRKEI,Katerni
GRC,GRKAV,Kavala
GRC,GRKVA,Kavla
GRC,GRKEA,Kea
GRC,GRKEF,KefalosKo
GRC,GRKEM,Keramoti
GRC,GRKER,Keramoti
GRC,GRIXT,Keratsini
GRC,GRCSF,KhraSfakon
GRC,GRKIA,Kiato
GRC,GRKIO,Kiato
GRC,GRKIL,Killni
GRC,GRKIP,KirraFokidas
GRC,GRKIS,Kissamos
GRC,GRKIT,Kitros(Pidna)Pierias
GRC,GRKLI,Klima
GRC,GRKMI,Klymnos
GRC,GRKMS,Kmolos
GRC,GRKOI,Koilada
GRC,GRKIN,KoilasErmionidos
GRC,GRKOK,KokkinosPyrgos
GRC,GRKOL,KolympariChanion
GRC,GRKOF,KorfosSofikou
GRC,GRKOR,Korinthos
GRC,GRKRT,Korinthos
GRC,GRKRN,Koroni
GRC,GRKRS,Korrisia
GRC,GRKGS,Kos
GRC,GRKWS,Kos
GRC,GRKOY,Koufonisia
GRC,GRKNP,KounopetraKefalonias
GRC,GRKOU,Kouremenos
GRC,GRKZI,Kozni
GRC,GRCFU,Krkira(Corfu)
GRC,GRAOK,Krpathos
GRC,GRKRY,KryoneriAitoloakarnanias
GRC,GRKYL,Kyllni
GRC,GRKYM,Kymi
GRC,GRKIM,Kymi(Kimi)
GRC,GRKYP,Kyparissia
GRC,GRKYT,Kythnos
GRC,GRLGK,Lagkads
GRC,GRLAK,LakkaPaxon
GRC,GRLKK,LakkiLerou
GRC,GRLAR,LardosRhodes
GRC,GRLRY,Larymna
GRC,GRLAV,Lavrion(Laurium)
GRC,GRLAY,Layrio
GRC,GRLEY,Lefkada
GRC,GRLKM,Lefkimmi
GRC,GRLFK,Lefkmmi
GRC,GRLEV,Lefks(Lefkda)
GRC,GRLIP,Leipsoi
GRC,GRLXS,Lemnos
GRC,GRLND,Leondion
GRC,GRLEW,Leonidio
GRC,GRLRS,Leros
GRC,GRPTL,Lgos(Prto-Lgo)
GRC,GRLAG,LichadaEvvoias
GRC,GRLIM,Limenaria
GRC,GRLII,Limni
GRC,GRVLC,LimniaVolissouChiou
GRC,GRLMN,LimniEvvoias
GRC,GRLIA,Linaria
GRC,GRLDR,Lindos
GRC,GRLIN,Linoperamata(Rodia)Irakleiou
GRC,GRLIV,LivadiSerifou
GRC,GRLIX,Lixuri
GRC,GRKKM,Lkkoma
GRC,GRLOU,LoutraKythnou
GRC,GRLRA,Lrisa
GRC,GRLYP,Lygia,Lefkada
GRC,GRLYG,Lygia,Preveza
GRC,GRLTH,LythiChiou
GRC,GRMAI,Maistros
GRC,GRMAK,Makri
GRC,GRMSA,Malessina
GRC,GRMDI,Mantoudi
GRC,GRMKP,MarathokamposSamou
GRC,GRMRA,MarathokamposSamou
GRC,GRMZP,MarinaZeasPirea
GRC,GRMRM,Marmari
GRC,GRMRI,MarmariEvvoias
GRC,GRMRN,Marmrion
GRC,GRMAR,MaroneiaRodopis
GRC,GRMAS,MastichariKos
GRC,GRMTR,MathrakiDiapontioiIsland
GRC,GRMAT,MathrakiKerkyras
GRC,GRMAL,MavraLithariaKorinthias
GRC,GRMAY,MavrolimniKorinthias
GRC,GRMEG,MeglonLivdion
GRC,GRMEN,MenidiAmfoilochias
GRC,GRMER,Merihas
GRC,GRMEL,Mesolngion
GRC,GRMES,Mesolongi
GRC,GRMST,Mesta
GRC,GRMHI,MestaHiou
GRC,GRMEA,Methana
GRC,GRMTH,MethanaTroizinias
GRC,GRMET,MethoniMessinias
GRC,GRMTE,MethoniPierias
GRC,GRMGR,Mgara
GRC,GRMHL,Milina
GRC,GRMIS,Missimi
GRC,GRMHT,Mithymna(Molyvos)Lesvou
GRC,GRMON,Monemvasa
GRC,GRMDR,Moudros
GRC,GRMOU,Moutsona
GRC,GRMTS,MoutsounaNaxou
GRC,GRMYR,Mrina
GRC,GRJMK,Mykonos
GRC,GRMYK,Mykonos
GRC,GRMYL,Mylaki
GRC,GRMTK,Mytikas
GRC,GRMJT,Mytilene
GRC,GRMYT,Mytilini
GRC,GRNAL,NaAlikarnasss
GRC,GRNAY,Nafpaktos
GRC,GRNEL,NafpigeiaElefsinas
GRC,GRNAF,Nafplio
GRC,GRNMA,NaMoudhani
GRC,GRNAO,NaousaParou
GRC,GRNST,NaStra
GRC,GRNAX,Naxos
GRC,GRNFK,NeaFokaia
GRC,GRNKL,NeaKallikrateia
GRC,GRNMR,NeaMakri
GRC,GRNMX,NeaMichaniona
GRC,GRNMK,NeaMichaniona(Thessaloniki)
GRC,GRNMD,NeaMoudania
GRC,GRNPE,NeaPeramosAttikis
GRC,GRNEA,Neapolis
GRC,GRNPD,NeaPotidaia
GRC,GRNRD,NeaRoda
GRC,GRNSK,NeaSkioni
GRC,GRNEO,NeosMarmaras
GRC,GRNIK,NikianaLefkadas
GRC,GRNIS,Nisyros
GRC,GRJNX,Nxos
GRC,GRNID,NydriLefkadas
GRC,GROIK,OiaKyklades
GRC,GRINO,Oinousses
GRC,GROLB,OlympiadaChalkidikis
GRC,GRORE,Orei
GRC,GRWRE,Oreoi
GRC,GRORM,OrmosPanagiasChalkidikis
GRC,GRORO,Oropos
GRC,GRWRW,Oropos
GRC,GROTH,Othono
GRC,GROYR,OuranoupoliChalkidikis
GRC,GROUR,Ouranpolis
GRC,GRPAH,PahiMegaron
GRC,GRPFK,PalaiaFokaia
GRC,GRPEP,PalaiEpdavros
GRC,GRPAL,PalaiochoraChanion
GRC,GRPLR,Palairos
GRC,GRPSF,PaleohoraSfakion
GRC,GRPAO,Palokia
GRC,GRPLA,PaloukiIleias
GRC,GRPNG,PanagioudaLesvou
GRC,GRPAN,PanteliLerou
GRC,GRPRL,Parakoila(Skala)Lesvou
GRC,GRPGK,ParaliaAgiouGeorgiouV.D.
GRC,GRPTR,ParaliaAstrous
GRC,GRPPI,ParaliaKaterinis
GRC,GRPPT,ParaliaPetrion
GRC,GRPAM,Paramytha
GRC,GRPRG,Parga
GRC,GRPLE,PartheniLerou
GRC,GRPAT,Patmos
GRC,GRPRA,Patra
GRC,GRGPA,Patras
GRC,GRPAX,Paxi
GRC,GRPIR,Peiraias
GRC,GRPTF,Pendlofos
GRC,GRGIR,PeramaGeras
GRC,GRPIP,PeramaPirea
GRC,GRPRR,Perea
GRC,GRPER,PerigialiLefkadas
GRC,GRPLV,Petra
GRC,GRPKO,Petriti,Korission
GRC,GRPEY,Peyki
GRC,GRPSE,PhserimosDodekanisou
GRC,GRPHG,PigadiPteleouMagnisias
GRC,GRPLH,PiliEvvoias
GRC,GRPIS,PisoLivadiParou
GRC,GRPIT,Pitra
GRC,GRPLK,Plaka
GRC,GRALG,Plakias
GRC,GRRPL,PlakiasRethymnou
GRC,GRPLN,PlataniasMagnisias
GRC,GRPLX,PlatanosChanion
GRC,GRPTI,Plataria
GRC,GRPLT,PlatariaThesprotias
GRC,GRPTG,PlatygialiAstakou
GRC,GRPGS,PlatysGialosSifnou
GRC,GRPLI,PlimmyriRodou
GRC,GRPLW,Plomari
GRC,GRPLM,Plomrion
GRC,GRPYL,Plos
GRC,GRPTK,Politik
GRC,GRPOR,Poros
GRC,GRPKE,PorosKefallinias
GRC,GRPLF,PorosLefkadas
GRC,GRPHL,Portocheli
GRC,GRPKH,Portochlion
GRC,GRPGE,PortoGermeno
GRC,GRPHE,PortoHeli
GRC,GRPKF,PortoKoyfo
GRC,GRPLG,PortoLagos
GRC,GRPRF,PortoRafti
GRC,GRPNT,PountaParou
GRC,GRPRE,Preveza
GRC,GRPVK,Preveza/Lefkas
GRC,GRPAR,Prga
GRC,GRPAS,Pros
GRC,GRPAA,Psar
GRC,GRPSX,PsaraChiou
GRC,GRPSR,Psaropouli(ParaliaVasilikon)
GRC,GRPSA,PsathopyrgosAchaias
GRC,GRPMS,Ptmos
GRC,GRPET,Ptra
GRC,GRPYR,Pyrgos
GRC,GRPYP,PyrgosPeramatosLesvou
GRC,GRPYT,Pythagreion
GRC,GRRAF,Rafina
GRC,GRRAH,Rahes
GRC,GRRHO,Rhodes
GRC,GRRIO,Rio
GRC,GRROD,Rodos
GRC,GRRET,Rthymnon
GRC,GRSAG,Sagiada
GRC,GRSAL,Salams
GRC,GRSKE,Sami
GRC,GRSAM,Samos
GRC,GRSMI,Samos
GRC,GRSVI,SarantisVoiotias
GRC,GRSAR,Sarti
GRC,GRSHO,Schoinoussa
GRC,GRSFI,SfinariChanion
GRC,GRSIG,SigriLesvou
GRC,GRSII,Sikinos
GRC,GRSIK,Sikinos
GRC,GRJSH,Sitea
GRC,GRSIT,Siteia
GRC,GRSIV,Siviri
GRC,GRSLN,SkalaKallonis
GRC,GRSKK,SkalaKameiroy
GRC,GRSKP,SkalaPanagiasThasou
GRC,GRSPL,SkalaPolyhnitoy
GRC,GRRAX,SkalaRachoniouThasou
GRC,GRSSN,SkalaSykamineas
GRC,GRJSI,Skathos
GRC,GRSKI,Skiathos
GRC,GRSKO,Skopelos
GRC,GRSKU,Skros
GRC,GRSKR,Skyros
GRC,GRSDH,Soda
GRC,GRSOI,Soroni
GRC,GRSOY,Souda
GRC,GRSOU,Soussaki
GRC,GRSPE,Spetses
GRC,GRSER,Sriphos
GRC,GRSHA,StavrosHalkidikis
GRC,GRSTA,StavrosThessalonikis
GRC,GRSTO,Stomio
GRC,GRSTI,Stratoni
GRC,GRSTY,Stylinda
GRC,GRSYS,Stylis(Stylda)
GRC,GRSUD,SudaBay
GRC,GRSYM,Symi
GRC,GRJSY,Syros(Syra)
GRC,GRSYV,Syvota
GRC,GRSYB,SyvotaLefkadas
GRC,GRTAV,Tavari,Lesvou
GRC,GRTHA,Thasos
GRC,GRTSO,Thasos
GRC,GRTHL,TheologosFthiotidas
GRC,GRSKG,Thessaloniki
GRC,GRJTR,Thira
GRC,GRTRS,Thirasa
GRC,GRTHP,ThisviPort
GRC,GRTHY,Thymena
GRC,GRTIL,Tilos
GRC,GRTIN,Tnos
GRC,GRTOL,ToloArgolidas
GRC,GRTRP,TrypitiChalkidikis
GRC,GRVLT,ValtiAstakou
GRC,GRVAR,Varkiza
GRC,GRBSL,VasilikiLefkadas
GRC,GRVAT,Vath
GRC,GRVTH,Vath(PortVath)
GRC,GRVML,VathyMeganisiou
GRC,GRBMT,VathyMethanonTroizinias
GRC,GRVIV,VivariArgolidas
GRC,GRVOL,Vlos
GRC,GRBLX,VlychadaThiras
GRC,GRVLY,VlychosLefkadas
GRC,GRVON,Vonitsa
GRC,GRVOM,VoudiaMilos
GRC,GRVOU,VourkariKeas
GRC,GRXIR,XirokamposLerou
GRC,GRXYL,Xylkastron
GRC,GRHYD,Ydra
GRC,GRZAK,Zakynthos
GRC,GRZTH,Zkynthos
HRV,HRATL,Antenal
HRV,HRCLE,avle
HRV,HRBAS,Baka
HRV,HRBDG,BakaDraga
HRV,HRBAK,Bakar
HRV,HRBVO,BakaVoda
HRV,HRBLD,Baldarka(Valdarke)
HRV,HRBNE,Banjole
HRV,HRBNJ,Banjol,Rab
HRV,HRBAR,Barbat,Rab
HRV,HRBAD,BariDraga
HRV,HRBAT,Batina
HRV,HRBLC,Belie
HRV,HRBET,Betina
HRV,HRBBJ,Bibinje
HRV,HRBNM,BiogradnaMoru
HRV,HRBLE,Blace
HRV,HRBZA,Boava
HRV,HRBOL,Bol
HRV,HRBRB,Brbinj-Luina
HRV,HRBGL,Brgulje
HRV,HRBRI,Brioni
HRV,HRBRN,Brna
HRV,HRBRD,Brodarica
HRV,HRCVT,Cavtat
HRV,HRCRS,Cres
HRV,HRCRA,Crikvenica
HRV,HR999,Croatia-Unknown
HRV,HRDAL,Dalmacia
HRV,HRDKL,DonjaKlada
HRV,HRDNC,DonjeCelo
HRV,HRDRC,Drae
HRV,HRDLV,Dragoslavec
HRV,HRDRS,Dranice
HRV,HRDRN,Drnis
HRV,HRDRK,Drvenik
HRV,HRDRV,DrvenikVeli
HRV,HRDBV,Dubrovnik
HRV,HRDUR,DugiRat
HRV,HRFNA,Faana
HRV,HRFUN,Funtana
HRV,HRGLA,Glavotok
HRV,HRGIA,Glina
HRV,HRGRD,Gradac
HRV,HRGAD,Gradiste
HRV,HRGRU,Gru
HRV,HRHOD,Hodilje
HRV,HRHVA,Hvar
HRV,HRSIB,ibenik
HRV,HRZGL,igljen
HRV,HRICC,Iii
HRV,HRIKK,Ika
HRV,HRCKT,ikat
HRV,HRCIL,ilipi
HRV,HRSLO,ilo
HRV,HRILO,Ilok
HRV,HRILV,Ilovik
HRV,HRIZM,IMali-Branj
HRV,HRSIM,imuni
HRV,HRLSP,ipanskaLuka
HRV,HRIST,Ist
HRV,HRJAB,Jablanac
HRV,HRJAD,Jadranovo
HRV,HRJDR,Jadrija
HRV,HRJAK,Jakinica
HRV,HRJSA,Jelsa
HRV,HRJZR,Jezera
HRV,HRJSI,Josipdol
HRV,HRKAL,Kali
HRV,HRKPR,Kaprije
HRV,HRKDR,Karigador
HRV,HRKAB,Karlobag
HRV,HRKGA,KastelGomilica
HRV,HRKKM,KatelKambelovac
HRV,HRKAN,KatelNovi
HRV,HRKST,KatelStari
HRV,HRKAS,KatelSuurac
HRV,HRKNA,Klana
HRV,HRKLK,Klek
HRV,HRKLN,Klenovica
HRV,HRKMN,Klimno
HRV,HRKZA,Knea
HRV,HRKMZ,Komia
HRV,HRKRM,Koromano
HRV,HRKOR,Korula
HRV,HRKOS,Kostrena
HRV,HRKRJ,Kraj
HRV,HRKRA,Kraljevica
HRV,HRKPN,Krapanj
HRV,HRKJS,KrilaJesenice
HRV,HRKRK,Krk
HRV,HRKNC,Krnica
HRV,HRKUC,Kuite
HRV,HRKUK,Kukljica
HRV,HRLAM,Lamjane
HRV,HRLST,Lastovo
HRV,HRLZK,Linjan-Kuje
HRV,HRLJA,Ljubeica
HRV,HRLKR,Lokrum
HRV,HRLPR,Lopar
HRV,HRLPD,Lopud
HRV,HRLOV,Lovite
HRV,HRLVN,Lovran
HRV,HRLUK,Luka
HRV,HRLKN,Lukoran
HRV,HRLKV,Lukovo
HRV,HRLUM,Lumbarda
HRV,HRMAK,Makarska
HRV,HRMIZ,MaliI
HRV,HRLSZ,MaliLoinj
HRV,HRLZS,MALILOINJ
HRV,HRMAL,Malinska
HRV,HRZMN,man
HRV,HRMAN,Mandre
HRV,HRMCA,Marana
HRV,HRMTA,Martinica
HRV,HRMAS,Maslenica
HRV,HRMSL,Maslinica
HRV,HRMDN,Medulin
HRV,HRMED,Medveja
HRV,HRMRG,Merag
HRV,HRMTN,Metajna
HRV,HRMET,Metkovi
HRV,HRMLT,Miletii
HRV,HRMIL,Milna
HRV,HRMIM,Mimice
HRV,HRMNK,Minjak
HRV,HRMLN,Mlini
HRV,HRMOD,MoenikaDraga
HRV,HRMOL,Molat-Luina
HRV,HRMNT,Molunat
HRV,HRMRT,Mrtvaka
HRV,HRMUE,Muline
HRV,HRMRJ,Munanairju
HRV,HRMUS,MurskoSredisce
HRV,HRMUR,Murter
HRV,HRNRZ,Nerezine
HRV,HRNJV,Njivice
HRV,NK,NK
HRV,HRNVL,Novalja
HRV,HRNDD,Novigrad(Dalmacija)
HRV,HRNVG,Novigrad,Istria
HRV,HRNVD,NoviVinodolski
HRV,HRONJ,Obonjan
HRV,HROBR,Obrovac
HRV,HROLB,Olib
HRV,HROMS,Omi
HRV,HROMI,Omialj
HRV,HROPA,Opatija
HRV,HRORS,Oraac
HRV,HRORB,Orebi
HRV,HROSI,Osijek
HRV,HROSR,Osor
HRV,HRPAG,Pag
HRV,HRPKS,Pakotane
HRV,HRPAS,Paman
HRV,HRPEL,Pele/Rogoznica
HRV,HRPRJ,Peroj
HRV,HRPRC,Pirovac
HRV,HRPLS,Plaski
HRV,HRPLE,Ploe
HRV,HRPLM,Plomin
HRV,HRPDG,Podgora
HRV,HRPLA,Polae
HRV,HRPMN,Pomena
HRV,HRPOR,Pore
HRV,HRPRZ,Porozina
HRV,HRPOS,Postire
HRV,HRPTP,Potpican
HRV,HRPVL,Povlja
HRV,HRPVN,Povljana
HRV,HRPRP,Prapratno
HRV,HRPRE,Preko
HRV,HRPRM,Premuda-Krijal
HRV,HRPRG,Prigradica
HRV,HRPRI,Primoten
HRV,HRPVK,Privlaka
HRV,HRPRN,Prizna
HRV,HRPRB,Proboj
HRV,HRPMJ,Promajna
HRV,HRPRV,Prvi
HRV,HRPRS,Prviepurine
HRV,HRPCA,Puia
HRV,HRPUY,Pula
HRV,HRPNT,Punat
HRV,HRRAS,Raa
HRV,HRRZC,Raanac
HRV,HRRZN,Raanj
HRV,HRRAB,Rab
HRV,HRRBC,Rabac
HRV,HRRSL,Raslina
HRV,HRRKO,Ribarskakoliba/Pula
HRV,HRRJK,Rijeka
HRV,HRXXX,RISInlandwaterways
HRV,HRRGC,Roga
HRV,HRROG,Rogotin
HRV,HRRGN,Rogoznica
HRV,HRROV,Rovinj
HRV,HRSAL,Sali
HRV,HRSNM,SanMarino/Lopar
HRV,HRSAP,Saplunara,Mljet
HRV,HRSVD,Savudrija
HRV,HRSTD,SegetDonji
HRV,HRSLC,Selce
HRV,HRSEN,Senj
HRV,HRSIL,Silba
HRV,HRSIS,Sisak
HRV,HRSRD,Skradin
HRV,HRSLA,Slano
HRV,HRSLT,Slatine
HRV,HRSBR,Sobra
HRV,HRSLN,Solin
HRV,HRSPU,Split
HRV,HRSPL,Splitska
HRV,HRSRA,Sracinec
HRV,HRSRB,Srebreno
HRV,HRSBA,StaraBaka
HRV,HRSNV,StaraNovalja
HRV,HRSGR,Starigrad
HRV,HRSGD,StariGrad
HRV,HRSTN,Stinica
HRV,HRSBC,Stobrec
HRV,HRSTM,Stomorska
HRV,HRSTO,Ston
HRV,HRSUK,Sukoan
HRV,HRSMN,Sumartin
HRV,HRSUP,Supetar
HRV,HRSSK,Susak
HRV,HRSUS,Susak
HRV,HRSTP,Sustjepan
HRV,HRSUT,Sutivan
HRV,HRSDR,Suura
HRV,HRSUR,Suurac
HRV,HRSUC,Suuraj
HRV,HRSMA,SvetaMarina
HRV,HRSVJ,SvetiJuraj
HRV,HRSVK,SvetiKajo
HRV,HRSPS,SvetiPetaruSumi
HRV,HRFIL,Sv.FilipiJakov
HRV,HRSFS,Sv.Fuska,Krk
HRV,HRSMT,Sv.Martin/MaliLoinj
HRV,HRTNO,Tisno
HRV,HRTKN,Tkon
HRV,HRTOV,Tovarnele,Pag
HRV,HRTRG,Trget
HRV,HRTRI,Tribunj
HRV,HRTRO,Trogir
HRV,HRTRJ,Trpanj
HRV,HRTRK,Trstenik
HRV,HRTCP,Tuepi
HRV,HRTNR,Tunarica
HRV,HRTUR,Turanj
HRV,HRUBL,Ubli
HRV,HRUDB,Udbina
HRV,HRUGL,Ugljan
HRV,HRZUL,uljana
HRV,HRUMG,Umag
HRV,HRUNJ,Unije
HRV,HRZUT,ut-Marina
HRV,HRUVM,UvalaMir
HRV,HRVLB,Valbiska
HRV,HRVUN,Valun
HRV,HRVLM,Velalamjana
HRV,HRVLK,VelaLuka
HRV,HRVST,VelaStiniva,Hvar
HRV,HRVIZ,VeliI
HRV,HRVLN,VeliLoinj
HRV,HRVRT,VeliRat
HRV,HRVGN,Viganj
HRV,HRVNS,Vinie
HRV,HRVIR,Vir
HRV,HRVRH,Vira/Hvar
HRV,HRVIS,Vis
HRV,HRVLA,Vlaii
HRV,HRVDC,Vodice
HRV,HRVOZ,Voz
HRV,HRVRA,Vranjic
HRV,HRVRK,Vrbnik
HRV,HRVRS,Vrboska
HRV,HRVRG,Vrgada
HRV,HRVI7,Vrgorac
HRV,HRVRR,Vrsar
HRV,HRZBL,Zablae
HRV,HRZAD,Zadar
HRV,HRGNA,Zadar-Gaenica
HRV,HRZGV,Zaglav-putnikaluka
HRV,HRZAG,Zagreb
HRV,HRZKP,Zaklopatica,Lastovo
HRV,HRZAM,Zambratija
HRV,HRZTD,Zaton,Dubrovnik
HRV,HRZTS,Zaton,ibenik
HRV,HRZVL,Zavala,Hvar
HRV,HRZVT,Zavalatica
HRV,HRZLR,Zlarin
ITA,ITAOL,ACCIAROLI
ITA,ITACL,ACICASTELLO
ITA,ITACT,ACITREZZA
ITA,ITAGP,AGROPOLI
ITA,ITAUO,Agugliano
ITA,ITALS,ALASSIO
ITA,ITALL,Albenga
ITA,ITA8O,AlfianoNatta
ITA,ITAHO,ALGHERO
ITA,ITALI,Alicudi
ITA,ITITA,Alseno
ITA,ITAMA,AMALFI
ITA,ITAMT,AMANTEA
ITA,ITAOI,ANCONA
ITA,ITADA,Andora
ITA,ITANZ,ANZIO
ITA,ITAOT,Aosta
ITA,ITAOS,Apollosa
ITA,ITATX,ARBATAX
ITA,ITWAR,Arenella
ITA,ITAZA,ARENZANO
ITA,ITAL5,Arielli
ITA,ITATA,ArmadiTaggia
ITA,ITAQD,ArquataDelTronto
ITA,ITAZ8,Arzagod'Adda
ITA,ITAUG,AUGUSTA
ITA,ITAVO,AVOLA
ITA,ITBCB,BagnaraCalabra
ITA,ITBLN,Bagnoli
ITA,ITBAI,BAIA
ITA,ITZDD,BALESTRATE
ITA,ITBRI,BARI
ITA,ITBLT,BARLETTA
ITA,ITBLA,BELLARIA
ITA,ITBLX,Belluno
ITA,ITBMT,BELVEDEREMARITTIMO
ITA,ITBNC,BIANCO
ITA,ITTN9,Binetto
ITA,ITBCE,BISCEGLIE
ITA,ITBO2,Bogliasco
ITA,ITBLQ,Bologna
ITA,ITBZO,Bolzano
ITA,ITOAA,Bonagia
ITA,ITBO3,Bonassola
ITA,ITBGH,Bordighera
ITA,ITB2P,BorgofrancoSulPo
ITA,ITBG4,BorgoValbelluna
ITA,ITBOA,BOSA
ITA,ITBMA,BovalinoMarina
ITA,ITBVM,BOVAMARINA
ITA,ITBR7,Brancaleone
ITA,ITBDS,BRINDISI
ITA,ITB8C,BulgorellodiCadorago
ITA,ITBR8,Burano
ITA,ITBR4,Burgos
ITA,ITCAG,CAGLIARI
ITA,IT3CO,Cagno
ITA,ITNNE,CALAGONONE
ITA,ITCLS,CALASETTA
ITA,ITC7L,Calatabiano
ITA,ITGLJ,CAMOGLI
ITA,ITC2P,CampodiPietra
ITA,ITC5N,CampolongoTapogliano
ITA,ITNIG,Cannigione
ITA,ITC5O,Canzo
ITA,ITAOR,CAORLE
ITA,ITC7P,Capitello
ITA,ITCOQ,CAPOD'ORLANDO
ITA,ITQCJ,Capojale
ITA,ITCPA,CAPRAIA
ITA,ITPRJ,CAPRI
ITA,ITARB,Carbognano
ITA,ITCAK,Carceri
ITA,ITCRT,CARIATI
ITA,ITCLF,CARLOFORTE
ITA,ITC9N,Carpeneto
ITA,ITCML,CasamicciolaTerme
ITA,ITC6G,CastagnolePiemonte
ITA,ITXCP,CastelfrancoPiandisc
ITA,ITCTR,CASTELLAMMAREDELGOLFO
ITA,ITCAS,CASTELLAMMAREDISTABIA
ITA,ITMDF,CastelloMolinaDiFiemme
ITA,ITCTW,Castelnovo
ITA,ITC8G,CastelnuovodiGarfagnana
ITA,ITNDO,Castelraimondo
ITA,ITCTK,CASTELSARDO
ITA,ITCD4,CastelViscardo
ITA,ITAEL,CastelVolturno
ITA,ITATI,CASTIGLIONCELLO
ITA,ITCEQ,CASTIGLIONEDELLAPESCAIA
ITA,ITCDT,CastiglionedelleStiviere
ITA,ITCSJ,Castro
ITA,ITCRQ,CastroMarina
ITA,ITCTA,CATANIA
ITA,ITQCZ,Catanzaro
ITA,ITEA9,Catena
ITA,ITG6C,Catignano
ITA,ITCCL,CATTOLICA
ITA,ITCVX,CAVO
ITA,ITCEC,CECINA
ITA,ITCFU,Cefal
ITA,ITC8C,CegliedelCampo
ITA,ITCR8,Cerratina
ITA,ITB9S,CerretoSannita
ITA,ITCEV,CERVIA
ITA,ITCNT,CESENATICO
ITA,ITTAA,CETARA
ITA,ITCCQ,CETRARO
ITA,ITCHX,CHIAVARI
ITA,ITCH8,Chienes
ITA,ITUZN,ChiesinaUzzanese
ITA,ITCHI,CHIOGGIA
ITA,ITCIA,CiampinoApt/Roma
ITA,ITOOL,Cigole
ITA,ITCD3,Cingiade'Botti
ITA,ITMRM,CirMarina
ITA,ITIOA,CIVITANOVAMARCHE
ITA,ITCVV,CIVITAVECCHIA
ITA,ITC7G,Cogoleto
ITA,ITCE6,Colceresa
ITA,IT6CM,CollialMetauro
ITA,IT2FH,Collodi
ITA,ITCIY,Comiso
ITA,ITCGC,CORIGLIANOCALABRO
ITA,ITCDF,Cortinad'Ampezzo
ITA,ITQCS,Cosenza
ITA,ITCRV,CROTONE
ITA,ITCD6,Crottad'Adda
ITA,ITCPM,CUPRAMARITTIMA
ITA,IT3CU,Curino
ITA,ITIT9,CusanoMutri
ITA,ITDCI,Decimomannu
ITA,ITDEM,Deivamarina
ITA,ITN5D,Demonte
ITA,ITDSN,Desana
ITA,ITDIA,DIAMANTE
ITA,ITDIT,Diano
ITA,ITDMR,DianoMarina
ITA,ITEBA,Elba
ITA,ITEVR,Erbezzo
ITA,ITFAL,FalconaraMarittima
ITA,ITFAO,FANO
ITA,ITFFP,FaraFiliorumPetri
ITA,ITFAV,FAVIGNANA
ITA,ITAL2,Felizzano
ITA,ITFPO,FilicudiPorto
ITA,ITFNL,FINALELIGURE
ITA,ITFCO,FIUMICINO
ITA,ITF2M,FocediMagra
ITA,ITFCV,FoceVarano
ITA,ITFOL,FOLLONICA
ITA,ITF8T,FontanaLiri
ITA,ITFOV,Fontanarosa
ITA,ITFGR,Fonteblanda
ITA,ITFRD,Forio
ITA,ITFRL,Forli
ITA,ITFOM,FORMIA
ITA,ITFDM,FORTEDEIMARMI
ITA,ITFMA,Framura
ITA,ITFME,FrancavillaalMare
ITA,ITFGE,FREGENE
ITA,ITFUI,Furnari
ITA,ITGMA,GABICCEMARE
ITA,ITGAE,GAETA
ITA,ITGAL,GALLIPOLI
ITA,ITGEA,GELA
ITA,ITGOA,GENOVA
ITA,ITGII,Giannutri
ITA,ITGIA,GiardiniNaxos
ITA,ITGPR,GiglioPorto
ITA,ITGIT,GIOIATAURO
ITA,ITGVZ,GIOVINAZZO
ITA,ITGUI,GIULIANOVA
ITA,ITGUN,Giungano
ITA,ITGAI,GOLFOARANCI
ITA,ITGOR,GORGONA
ITA,ITGOO,GORO
ITA,ITGRD,GRADO
ITA,ITGZR,Granze
ITA,ITGRS,Grosseto
ITA,ITGTM,Grottammare
ITA,ITJLO,IESOLO
ITA,ITIMP,IMPERIA
ITA,ITISH,ISCHIA
ITA,ITIDG,IsoladelGiglio
ITA,ITIDF,ISOLADELLEFEMMINE
ITA,ITWIR,IsolaRossa
ITA,ITISS,IsolaSantoStefano
ITA,IT999,Italy-Unknown
ITA,ITCLQ,LaCalettadiSiniscola
ITA,ITLAE,LaccoAmeno
ITA,ITLAD,LADISPOLI
ITA,ITLA5,Laigueglia
ITA,ITMDA,LAMADDALENA
ITA,ITLMP,LAMPEDUSA
ITA,ITSPE,LASPEZIA
ITA,ITLAW,LAVAGNA
ITA,ITLCL,LeCastella
ITA,ITLCC,Lecce
ITA,ITLGZ,LeGrazie
ITA,ITLER,LERICI
ITA,ITLES,LESINA
ITA,ITLTJ,Letojanni
ITA,ITLEC,LEUCA
ITA,ITLV8,Levada
ITA,ITLEN,LEVANTO
ITA,ITLEV,LEVANZO
ITA,ITLIC,LICATA
ITA,ITLSD,LIGNANOSABBIADORO
ITA,ITLIN,LinateApt/Milano
ITA,ITLIU,LINOSA
ITA,ITLIP,LIPARI
ITA,ITLIV,LIVORNO
ITA,ITLOA,LOANO
ITA,ITIT5,Lorenzana
ITA,ITRUG,Lugnano
ITA,ITAQ5,Maglianode'Marsi
ITA,ITIOI,MAIORI
ITA,ITMXP,MalpensaApt/Milano
ITA,ITMFR,MANFREDONIA
ITA,ITMAJ,MARANOLAGUNARE
ITA,ITTEA,Maratea
ITA,ITMAM,MARCIANAMARINA
ITA,ITC9M,MarcianodellaChiana
ITA,ITMMO,MARETTIMO
ITA,ITMDW,MARGHERITADISAVOIA
ITA,ITMLB,MarinadellaLobra
ITA,ITMIT,MARINADICAMEROTA
ITA,ITMRP,MARINADICAMPO
ITA,ITMDC,MARINADICARRARA
ITA,ITMAH,MarinadiGinosa
ITA,ITMSD,MARINADIGROSSETO
ITA,ITQMM,MARINADIMASSA
ITA,ITMMN,MarinadiMonasterace
ITA,ITPMY,MarinadiPatti
ITA,ITMPA,MARINADIPISA
ITA,ITMSB,MARINADIPISCIOTTA
ITA,ITWPR,MARINADIPORTOROSA
ITA,ITM2R,MarinadiRagusa
ITA,ITMSV,MarinadiSanVito
ITA,ITMNU,MarinelladiSelinunte
ITA,ITRTT,MAROTTA
ITA,ITMRA,MARSALA
ITA,ITMTS,MARTINSICURO
ITA,ITARG,MARUGGIO
ITA,ITMZ6,Marzana
ITA,ITMLU,MassaLubrense
ITA,ITMAZ,MAZARADELVALLO
ITA,ITEMO,Melano
ITA,ITMEL,Melilli
ITA,ITMN3,MelitoDiNapoli
ITA,ITMPS,MELITODIPORTOSALVO
ITA,ITME2,Mercatello
ITA,ITMSN,MESSINA
ITA,ITMTH,Meta
ITA,ITMIL,Milano
ITA,ITMLZ,MILAZZO
ITA,ITODB,MOLADIBARI
ITA,ITMOL,MOLFETTA
ITA,ITMND,Mondello,Palermo
ITA,ITODG,MONDRAGONE
ITA,ITM2G,Moneglia
ITA,ITMNF,MONFALCONE
ITA,ITMTW,Monfumo
ITA,ITMNP,MONOPOLI
ITA,ITMLS,MONTALTODICASTRO
ITA,ITNMP,MontediProcida
ITA,ITMGT,Montegiordano
ITA,ITOEI,Monteiasi
ITA,ITRSM,MONTEROSSOALMARE
ITA,ITMFT,MontiglioMonferrato
ITA,ITON2,Monzuno
ITA,ITUGG,MUGGIA
ITA,ITNAP,NAPOLI
ITA,ITNRV,Nervi
ITA,ITPR6,NevianoDegliArduini
ITA,ITNC2,Nicolosi
ITA,ITNMR,Nicoteramarina
ITA,ITNLI,NOLI
ITA,ITNUM,NUMANA
ITA,ITOGN,OGNINA
ITA,ITOLB,OLBIA
ITA,ITONE,Oneglia
ITA,ITOBT,ORBETELLO
ITA,ITQOS,ORISTANO
ITA,ITOTN,ORTONA
ITA,ITOTO,OTRANTO
ITA,ITPAU,PALAU
ITA,ITPMO,PALERMO
ITA,ITPLN,PALINURO
ITA,ITPMM,PALMI
ITA,ITPAN,PANAREA
ITA,ITPNL,PANTELLERIA
ITA,ITAOA,PAOLA
ITA,ITPMF,Parma
ITA,ITPZ3,PassignanoSulTrasimeno
ITA,ITXUY,Passons
ITA,ITPED,PEDASO
ITA,ITPEL,PELLARO
ITA,ITP3A,Pellestrina
ITA,ITP6Z,Pellezzano
ITA,ITVOZ,PerarolodiVigonza
ITA,ITP8T,Pertegada
ITA,ITPEG,Perugia
ITA,ITPES,PESARO
ITA,ITPSR,PESCARA
ITA,ITPCH,PESCHICI
ITA,ITPA4,PetrignanodiAssisi
ITA,IT3PN,Piancogno
ITA,ITPRR,PIANODISORRENTO
ITA,ITPIA,Pianosa
ITA,ITP6D,Picedo
ITA,ITP4G,PiedimonteSanGermano
ITA,ITP2L,Pietraligure
ITA,ITP5T,Pietralunga
ITA,IT2MA,PietraMarazzi
ITA,ITPG4,PievedelGrappa
ITA,ITIGP,Pigneto
ITA,ITPIO,PIOMBINO
ITA,ITPR3,Pioraco
ITA,ITPSA,Pisa
ITA,ITPIZ,PIZZO
ITA,ITPCR,Policoro
ITA,ITPM4,PomaroMonferrato
ITA,ITPFO,PonteFornaci
ITA,ITP3G,Ponteginori
ITA,ITPS6,PontSaintMartin
ITA,ITPNZ,PONZA
ITA,ITIM5,Pornassio
ITA,ITORL,PORTICELLO
ITA,ITPTC,PORTICI
ITA,ITPGL,Portigliola
ITA,ITPAZ,PORTOAZZURRO
ITA,ITPCE,PORTOCERVO
ITA,ITPTZ,PortoCesareo
ITA,ITPCN,PortoConteTorreNuova
ITA,ITPDI,Portod'Ischia
ITA,ITPEM,PORTOEMPEDOCLE
ITA,ITPTH,PORTOERCOLE
ITA,ITPFE,PORTOFERRAIO
ITA,ITPTF,PORTOFINO
ITA,ITPFX,PortoFoxi(Sarroch)
ITA,ITPGA,PORTOGARIBALDI
ITA,ITPVT,PORTOLEVANTE
ITA,ITPLI,PortoLignano
ITA,ITPMV,PortoMantovano
ITA,ITPMZ,PortoMaurizio
ITA,ITPNG,PORTONOGARO
ITA,ITPPL,Portopalo
ITA,ITPPF,PortopalodiCapoPassero
ITA,ITPRF,PORTORECANATI
ITA,ITSIG,PORTOSANGIORGIO
ITA,ITPSS,PORTOSANTOSTEFANO
ITA,ITPVE,Portoscuso
ITA,ITPPT,PortoTolle
ITA,ITPTO,PORTOTORRES
ITA,ITPRW,Portovenere
ITA,ITPOS,POSITANO
ITA,ITPZL,POZZALLO
ITA,ITOZI,POZZILLO
ITA,ITPOZ,POZZUOLI
ITA,ITGPO,Pr
ITA,ITPIM,PRAIAAMARE
ITA,ITTNR,Predaia
ITA,ITPS8,Presezzo
ITA,ITPRO,PROCIDA
ITA,ITRPO,RAPALLO
ITA,ITRAN,RAVENNA
ITA,ITREC,RECCO
ITA,ITREG,REGGIOCALABRIA
ITA,ITRCE,RICCIONE
ITA,ITRMI,RIMINI
ITA,ITRMG,RIOMAGGIORE
ITA,ITRMA,RIOMARINA
ITA,ITRPT,RIPOSTO
ITA,ITXXX,RISInlandwaterways
ITA,ITRTS,RIVATRIGOSO
ITA,ITROC,ROCCELLAIONICA
ITA,ITRGG,RODIGARGANICO
ITA,ITROM,ROMA
ITA,ITUHJ,Ronchis
ITA,ITRPR,Roncopascolo
ITA,ITRDA,ROSETODEGLIABRUZZI
ITA,ITRMF,RosignanoMonferrato
ITA,ITRN4,Rotondi
ITA,ITRFF,Ruffia
ITA,ITITS,SalaMonferrato
ITA,ITSAL,SALERNO
ITA,ITSLC,Saline,ReggioCalabria
ITA,ITSI6,SammichelediBari
ITA,ITSDB,SANBENEDETTODELTRONTO
ITA,ITNCT,SANCATALDO
ITA,ITS6M,SanDamianoMacra
ITA,ITSFE,SANFELICECIRCEO
ITA,ITS2R,S.AngelodiRossano
ITA,ITVN8,SanGiovanniIncarico
ITA,ITSG6,SanJacopoalGirone
ITA,ITS2L,SanLucido
ITA,ITSO8,SanMicheleAlTagliamento
ITA,ITSB4,SanMiniatoBasso
ITA,ITSRE,SANREMO
ITA,ITQER,SanRoccodiGuastalla
ITA,ITCC6,SanRoccoSenoD'Elvio
ITA,ITSFM,SantaFocadiMelendugno
ITA,ITSAG,SANT'AGATADIMILITELLO
ITA,ITSML,SANTAMARGHERITALIGURE
ITA,ITSMK,SANTAMARIADICASTELLABATE
ITA,ITER3,SantaMarialaFossa
ITA,ITSMJ,SantaMariaLaScala
ITA,ITAMN,SantaMariaNavarrese
ITA,ITSLA,SantaMarinaSalina
ITA,ITSMA,SANTAMARINELLA
ITA,ITSAX,Sant'AngeloinVado
ITA,ITGEL,Sant'AngeloLomellina
ITA,ITNTA,Sant'Antioco
ITA,ITSAT,Sant'Antioco
ITA,ITST7,SantaRufina
ITA,ITST3,SantaTeresaariva
ITA,ITSTE,SANTATERESADIGALLURA
ITA,ITPL5,Sant'EliaaPianisi
ITA,ITSS7,Santospirito
ITA,ITSSF,SantoStefanoalMare
ITA,ITTEF,SANTOSTEFANODICAMASTRA
ITA,ITSV3,SanVincenzo
ITA,ITSVC,SANVITOLOCAPO
ITA,ITPRH,SAPRI
ITA,ITLLT,Savelletri
ITA,ITSVN,SAVONA
ITA,ITLEA,SCALEA
ITA,ITS4D,Scardovari
ITA,ITSRH,SCARIO
ITA,ITURI,Scauri
ITA,ITURC,ScauriAlto
ITA,ITSCW,Schiavonea
ITA,ITSCK,SCIACCA
ITA,ITSLL,SCILLA
ITA,ITSCO,SCOGLITTI
ITA,ITS8C,Scomigo
ITA,ITDR9,Sedrina
ITA,ITSN8,Segno
ITA,ITSEG,SENIGALLIA
ITA,ITSI9,SennaLodigiana
ITA,ITSBZ,Sesto
ITA,ITPE4,SestoalReghena
ITA,ITNTE,SESTRILEVANTE
ITA,ITRRV,Sferracavallo
ITA,ITZBF,SIBARI
ITA,ITSID,SIDERNOMARINA
ITA,ITNSY,Sigonella
ITA,ITSLV,SilviMarina
ITA,ITSIA,SINISCOLA
ITA,ITSIR,SIRACUSA
ITA,ITITI,Sistiana
ITA,ITSL7,Sondalo
ITA,ITS8R,Sori
ITA,ITRRO,SORRENTO
ITA,ITSOO,SOVERATO
ITA,ITWSP,Spadafora
ITA,ITNGA,SPERLONGA
ITA,ITRNS,SPOTORNO
ITA,ITWSZ,Stazzo
ITA,ITTTN,Stintino
ITA,ITSTR,STROMBOLI
ITA,ITXPL,Sturno
ITA,ITSUZ,Sulzano
ITA,ITTAL,TALAMONE
ITA,ITTAR,TARANTO
ITA,ITTRI,TERMINIIMERESE
ITA,ITTMI,TERMOLI
ITA,ITTRC,TERRACINA
ITA,ITSNR,TERRASINI
ITA,ITWNN,TONNARELLA
ITA,ITTRN,Torino
ITA,ITTC4,Tornareccio
ITA,ITTA6,Torreamare
ITA,ITTOA,TORREANNUNZIATA
ITA,ITTCS,TORRECESAREA
ITA,ITTDG,TORREDELGRECO
ITA,ITTRH,TorreFaro
ITA,ITTGV,TORREGAVETA
ITA,ITTGR,Torregrande
ITA,ITTAV,TorreLeNocelle
ITA,ITT3R,Torrerossa
ITA,ITTRU,TorreSanGiovannid'Ugento
ITA,ITTTB,Tortol
ITA,ITTTL,TORTORETO
ITA,ITICA,TORVAIANICA
ITA,ITTVC,Torviscosa
ITA,ITTB2,Trabia
ITA,ITTNI,TRANI
ITA,ITTPS,TRAPANI
ITA,ITTCC,TREBISACCE
ITA,IT6TR,Trecenta
ITA,ITTMT,Tremiti
ITA,ITTSE,TRICASE
ITA,ITTRS,TRIESTE
ITA,ITT5R,Triggiano
ITA,ITTRP,TROPEA
ITA,ITTUF,Tufo
ITA,ITUDN,Udine
ITA,ITUST,USTICA
ITA,ITVDA,VADA
ITA,ITVD8,ValdaoradiSotto
ITA,ITVZB,Valenzano
ITA,ITV5F,Vallefoglia
ITA,ITV5T,VallioTerme
ITA,ITV4L,Valstagna
ITA,IT2VC,Valverde
ITA,ITVRZ,VARAZZE
ITA,ITVSO,VASTO
ITA,ITVCE,VENEZIA
ITA,ITVEN,VENTIMIGLIA
ITA,ITVTT,VENTOTENE
ITA,ITVZN,VERNAZZA
ITA,ITVRN,Verona
ITA,ITVV2,Vetralla
ITA,ITVIA,VIAREGGIO
ITA,ITVVA,VIBOVALENTIA
ITA,ITVEQ,Vicoequense
ITA,ITVIE,VIESTE
ITA,ITIES,Vietrisulmare
ITA,ITV4E,VighizzoloDEste
ITA,ITVGK,Vignanello
ITA,ITVJD,VillaAgnedo
ITA,ITVT3,VillafrancaTirrena
ITA,ITVL8,VillaLagarina
ITA,ITVC2,VillanovaCanavese
ITA,ITVOA,Villarosa
ITA,ITVSG,VillaSanGiovanni,Calabria
ITA,ITVSU,Villasimius
ITA,ITVV9,VillaVerucchio
ITA,ITV2N,Vinadio
ITA,ITVLN,VOLANO
ITA,ITVTI,VOLTRI
ITA,ITVUL,Vulcanoporto
ITA,ITRMZ,Zagarolo
ITA,ITULE,Zaule
ITA,ITZT2,Zavattarello
ITA,ITZCL,Zuccarello
MLT,MTATT,Attard
MLT,MTBAL,Balzan
MLT,MTBRG,Birgu(Vittoriosa)
MLT,MTBIR,Birkirkara
MLT,MTBZE,Birzebbugia
MLT,MTBLA,Blatal'Bajda
MLT,MTCOS,Bormla(Cospicua)
MLT,MTBUG,Bugibba
MLT,MTBRU,BurMarrad
MLT,MTCKW,Cirkewwa
MLT,MTJCO,Comino
MLT,MTDMP,Delimara
MLT,MTDGL,Dingli
MLT,MTFGU,Fgura
MLT,MTFLO,Floriana
MLT,MTFNT,Fontana
MLT,MTGSM,Ghajnsielem
MLT,MTGRB,Gharb
MLT,MTGSR,Ghasri
MLT,MTGXQ,Ghaxaq
MLT,MTGZM,Gozo
MLT,MTGUD,Gudja
MLT,MTGZI,Gzira
MLT,MTHRN,Hamrun
MLT,MTKAL,Kalkara
MLT,MTKER,Kercem
MLT,MTKIR,Kirkop
MLT,MTLIJ,Lija
MLT,MTLUQ,Luqa
MLT,MTDIS,MaltaFreeportTerminals
MLT,MT999,Malta-Unknown
MLT,MTMRF,Marfa
MLT,MTMSA,Marsa
MLT,MTMFN,Marsalforn
MLT,MTMSX,Marsamxett
MLT,MTMSC,Marsascala
MLT,MTMSS,Marsaskala
MLT,MTMAR,Marsaxlokk
MLT,MTMDI,Mdina
MLT,MTMEL,Mellieha
MLT,MTMGR,Mgarr
MLT,MTMGZ,Mgarr,Gozo
MLT,MTMOA,Mosta
MLT,MTMQA,Mqabba
MLT,MTMSD,Msida
MLT,MTMTA,Mtarfa
MLT,MTMUN,Munxar
MLT,MTNAD,Nadur
MLT,MTPAO,Paola
MLT,MTPEM,Pembroke
MLT,MTPTA,Piet
MLT,MTQAL,Qala
MLT,MTRMI,Qormi
MLT,MTQRD,Qrendi
MLT,MTRAB,Rabat
MLT,MTSAF,Safi
MLT,MTSLW,SaintLawrence
MLT,MTSLU,SaintLucia
MLT,MTSPB,SaintPaul'sBay(SanPawlil-Bahar)
MLT,MTSTG,SanGiljan
MLT,MTSJN,Saniljan(StJulian)
MLT,MTSAN,Sannat
MLT,MTSTV,SantaVenera
MLT,MTSGW,Sanwann,Valletta
MLT,MTSEN,Senglea
MLT,MTSGG,Siggiewi
MLT,MTSLM,Sliema
MLT,MTSWI,Swieqi
MLT,MTTAR,Tarxien
MLT,MTTAX,Ta'Xbiex
MLT,MTMLA,Valletta
MLT,MTVTR,Victoria
MLT,MTXGA,Xaghra
MLT,MTXWK,Xewkija
MLT,MTXAG,Xghajra
MLT,MTZEG,Zebbug
MLT,MTZTN,Zejtun
MLT,MTZUR,Zurrieq
ROU,ROARW,Arad
ROU,ROBCM,Bacau
ROU,ROBAY,BaiaMare
ROU,ROBPU,BaneasaApt/Bucuresti
ROU,ROBAB,Basarabi
ROU,ROBCD,Bicsad
ROU,ROBIT,Bistrita
ROU,ROBOR,Bors
ROU,ROBOS,Botosani
ROU,ROBRA,Braila
ROU,ROBRV,Brasov
ROU,ROBUH,Bucuresti
ROU,ROBUV,Bucuresti50Vama
ROU,ROBBU,Bucuresti-BaneasaApt
ROU,ROBUB,BucurestiBasarab
ROU,ROBUI,BucurestiIntrepozite
ROU,ROBUN,BucurestiNord
ROU,ROBUZ,Buzau
ROU,ROCAF,Calafat
ROU,ROCAS,Calarasi
ROU,ROCSB,Caransebes
ROU,ROCAR,Carei
ROU,ROCAC,Catcau
ROU,ROCEV,Cernavoda
ROU,ROCLJ,Cluj-Napoca
ROU,ROCND,Constanta
ROU,ROCOB,Corabia
ROU,ROCRA,Craiova
ROU,ROCUT,Curtici
ROU,RODVA,Deva
ROU,RODOB,Dobresti
ROU,RODOR,Dornesti
ROU,RODTS,Drobeta-TurnuSeverin
ROU,ROEPB,EpiscopiaBihorului
ROU,ROFAC,Falciu
ROU,ROFOS,Focsani
ROU,ROFUA,Fusea
ROU,ROGAL,Galati
ROU,ROGAT,GalatiTransbordare
ROU,ROGRG,Giurgiu
ROU,ROGRN,GiurgiuNord
ROU,ROGRB,Gorban
ROU,ROGNU,Grindu
ROU,ROHAL,Halmeu
ROU,ROIAS,Iasi
ROU,ROJIL,Jimbolia
ROU,ROMAN,Manastireni
ROU,ROMAG,Mangalia
ROU,ROMAA,Matasaru
ROU,ROMED,Medgidia
ROU,ROMID,Midia
ROU,ROMOV,MoldovaVeche
ROU,RONAD,Naidas
ROU,RONEV,NegruVoda
ROU,RONIB,NicolaeBalcescu
ROU,RONIN,Nicolina
ROU,ROOLT,Oltenita
ROU,ROOMR,Oradea
ROU,ROORV,Orsova
ROU,ROOTP,OtopeniApt/Bucuresti
ROU,ROPAT,Patrauti
ROU,ROPIN,PiatraNeamt
ROU,ROPIT,Pitesti
ROU,ROPLT,Ploiesti
ROU,ROPFD,PortiledeFierDoi
ROU,ROPFU,PortiledeFierUnu
ROU,RORAU,Radauti
ROU,ROREN,ResitaNord
ROU,RORES,ResitaSud
ROU,ROXXX,RISInlandwaterways
ROU,RORIV,RmnicuVlcea
ROU,RO999,Romania-Unknown
ROU,ROSAT,Salonta
ROU,ROLCV,SatLuncavita
ROU,ROSUJ,SatuMare
ROU,ROSBZ,Sibiu
ROU,ROSIM,SighetuMarmatiei
ROU,ROSIT,Simeria
ROU,ROSOL,Socola
ROU,ROSOM,Someseni
ROU,ROSTM,StamoraGermana
ROU,ROSCV,Suceava
ROU,ROSUN,SuceavaNord
ROU,ROSUL,Sulina(PortetZoneFranche)
ROU,ROTFR,TarguFrumos
ROU,ROTSR,Timisoara
ROU,ROTSN,TimisoaraNord
ROU,ROTRA,Traisteni
ROU,ROTGM,Trgu-Mures
ROU,ROTCE,Tulcea
ROU,ROTUM,TurnuMagurele
ROU,ROVAM,ValeaLuimihai
ROU,ROVAV,VamaVeche
ROU,ROVAS,Varsand
ROU,ROVIS,Vicsani
ROU,ROZIC,Zimnicea
SVN,SIBPK,BrdopriKranju
SVN,SIDOB,Dobova
SVN,SIGRK,Gruskovje
SVN,SIIZO,Izola
SVN,SIJLN,Jelsane
SVN,SIKOP,Koper
SVN,SILJU,Ljubljana
SVN,SIMBX,Maribor
SVN,SIOBR,Obrezje
SVN,SIPIR,Piran
SVN,SIPOW,Portoroz
SVN,SI999,Slovenia-Unknown
